cache_key	family	source	ticker	fetched_at	expires_at	payload_bytes	payload_sha256
balance_SNDK_annual	other_retained_cache	financial_datasets	SNDK	2026-07-07T12:39:10+00:00	2027-01-03T12:39:10+00:00	1271	7d34d93dfb1fd4007b842d95f4b6d2596eb55d0769026ce9037f43f0ee55dad4
balance_SNDK_quarterly	other_retained_cache	financial_datasets	SNDK	2026-06-23T00:19:25+00:00	2026-09-21T00:19:25+00:00	1177	0df5e084ba2076d48a213431fc710b293d05c86a70b8461584cc02a99abc41ce
balance_TIGO_quarterly	other_retained_cache	financial_datasets	TIGO	2026-06-22T12:35:29+00:00	2026-09-20T12:35:29+00:00	1114	19ec3cc7c2d6b0836e525bd18cf09f54e96dcc8a24bd3a206a2f7954b90c9409
cashflow_SNDK_annual	other_retained_cache	financial_datasets	SNDK	2026-07-07T12:39:10+00:00	2027-01-03T12:39:10+00:00	2094	d16a8764a9e33dabb2ca26bda58ad1f781ac2e9938bf86b3c52594f418b1dec4
cashflow_SNDK_quarterly	other_retained_cache	financial_datasets	SNDK	2026-06-23T00:19:26+00:00	2026-09-21T00:19:26+00:00	4123	0fb4274075f8e003a76df9748e55dc83c7f1aff58a7333261aa7e014f3258c4f
cashflow_TIGO_quarterly	other_retained_cache	financial_datasets	TIGO	2026-06-22T12:35:30+00:00	2026-09-20T12:35:30+00:00	3705	d542b813576399b87eccfab5f1ae6d4207394527c6dfeb7d39c235271b6e7d2c
fundamentals_analysis:sec_edgar:AAPL:annual:v1	current_sec_v1	sec_edgar	AAPL	2026-07-12T06:57:34+00:00	2026-10-10T06:57:34+00:00	4472	9a9423a8b3bfe86111315b59883ff145330599877dc83f3637508f1c0e5ee755
fundamentals_analysis:sec_edgar:AMD:quarterly:v1	current_sec_v1	sec_edgar	AMD	2026-07-29T14:26:07+00:00	2026-08-28T14:26:07+00:00	6560	ea9d3c6007fdd6a1a6c6284d4123e7a8b7ca7266699e042725d4ddd4e144914e
fundamentals_analysis:sec_edgar:COIN:annual:v1	current_sec_v1	sec_edgar	COIN	2026-07-06T13:08:28+00:00	2026-10-04T13:08:28+00:00	3670	ff97a5bb4fe3ba226d80529c88a9cde20e3ca529af55a7b66e3756f6d98bf465
fundamentals_analysis:sec_edgar:GOOGL:quarterly:v1	current_sec_v1	sec_edgar	GOOGL	2026-07-24T11:31:10+00:00	2026-08-23T11:31:10+00:00	6731	a6523247015cb7ee3feef09531e100825bee4136ef22b206de7291d37ed6c30a
fundamentals_analysis:sec_edgar:ICHR:quarterly:v1	current_sec_v1	sec_edgar	ICHR	2026-08-01T23:18:39+00:00	2026-08-31T23:18:39+00:00	5996	b23115a9b679772abb157d9f985c78b5c76ee12af48041b4a2679d5acc4a3bba
fundamentals_analysis:sec_edgar:META:quarterly:v1	current_sec_v1	sec_edgar	META	2026-07-12T05:31:59+00:00	2026-08-11T05:31:59+00:00	6412	d72efa8234cd8ebb4230040a7b413f424eff8870fa6e05fbe4eb4012920243fb
fundamentals_analysis:sec_edgar:MU:annual:v1	current_sec_v1	sec_edgar	MU	2026-07-07T12:39:09+00:00	2026-10-05T12:39:09+00:00	4184	9890e556b9e8eb99661041c17a0cedf4fcdad87c73d98586d8021a35dfaf3ab2
fundamentals_analysis:sec_edgar:MU:quarterly:v1	current_sec_v1	sec_edgar	MU	2026-07-24T11:28:05+00:00	2026-08-23T11:28:05+00:00	6870	4c2056b791b4c824ed04f39205096f88a7183429195e84e568b6a5c29f10c661
fundamentals_analysis:sec_edgar:MXL:quarterly:v1	current_sec_v1	sec_edgar	MXL	2026-08-01T23:18:40+00:00	2026-08-31T23:18:40+00:00	6123	0f02ab37dab27954fbb7c9f8cff7e6cdbd318c0fb6345bd4a3ae7b96d308ad86
fundamentals_analysis:sec_edgar:NVDA:annual:v1	current_sec_v1	sec_edgar	NVDA	2026-07-06T13:08:26+00:00	2026-10-04T13:08:26+00:00	4237	071a5aa65002c820cbc1553ee90d35677606d5fa090547636b27aae02dcfb707
fundamentals_analysis:sec_edgar:NVDA:quarterly:v1	current_sec_v1	sec_edgar	NVDA	2026-07-29T14:26:07+00:00	2026-08-28T14:26:07+00:00	6988	4b6451fc2d3c1b53c5e5545df815d3ac9eb478cc251fa7c944429ad80f7ca4f8
fundamentals_analysis:sec_edgar:PLTR:annual:v1	current_sec_v1	sec_edgar	PLTR	2026-07-06T13:08:26+00:00	2026-10-04T13:08:26+00:00	3877	a25317e02d777175c0501409f0f420c7bdf75cbfc57fadf4e71d71fa723f3dba
fundamentals_analysis:sec_edgar:RKLB:annual:v1	current_sec_v1	sec_edgar	RKLB	2026-07-06T13:08:28+00:00	2026-10-04T13:08:28+00:00	3990	2827e32bcef2566806fbd508c67c94582666969a2771ae1616bbf228a955f163
fundamentals_analysis:sec_edgar:SMCI:quarterly:v1	current_sec_v1	sec_edgar	SMCI	2026-07-29T14:26:10+00:00	2026-08-28T14:26:10+00:00	6249	8eabeb9745d07410fb182c4770cbfc6b990b54af7dd0b6aba6bf15e0299125c1
fundamentals_analysis:sec_edgar:SNDK:annual:v1	current_sec_v1	sec_edgar	SNDK	2026-07-07T12:39:07+00:00	2026-07-08T12:39:07+00:00	19	1e6c58fa698cb04c2eef6eda71bcd99fa01c79dcb955841a0196fae3e403600f
fundamentals_analysis:sec_edgar:SNDK:quarterly:v1	current_sec_v1	sec_edgar	SNDK	2026-08-01T23:18:40+00:00	2026-08-02T23:18:40+00:00	19	1e6c58fa698cb04c2eef6eda71bcd99fa01c79dcb955841a0196fae3e403600f
fundamentals_analysis:sec_edgar:TSLA:quarterly:v1	current_sec_v1	sec_edgar	TSLA	2026-07-12T05:31:58+00:00	2026-08-11T05:31:58+00:00	6480	d66f6ea67460c75fbeb34741e3e84781fcfd3522061b25166edbc424ad11cba6
fundamentals_analysis:sec_edgar:TWLO:quarterly:v1	current_sec_v1	sec_edgar	TWLO	2026-07-12T05:32:00+00:00	2026-08-11T05:32:00+00:00	6092	cb0400bc0da038b83e122a7df535f600e2bdbb8de18641600130990cdf46e110
income_SNDK_annual	other_retained_cache	financial_datasets	SNDK	2026-07-07T12:39:08+00:00	2027-01-03T12:39:08+00:00	2217	a8a7bfddc78d8ac188b89d2a98cc67d7ac42480b404642afdc996e02de3b6026
income_SNDK_quarterly	other_retained_cache	financial_datasets	SNDK	2026-06-23T00:19:25+00:00	2026-09-21T00:19:25+00:00	4369	0edf4023c09d85af59a87ef56b831be39e58dc919708452c8907ea76e05f169a
income_TIGO_quarterly	other_retained_cache	financial_datasets	TIGO	2026-06-22T12:35:28+00:00	2026-09-20T12:35:28+00:00	3862	481a13246b46dd3cf56a620a0336fea8745147be80ad6f230ff8df23d23e3e30
metrics_AMD_annual_y2	old_metrics_annual_y2	sec_edgar	AMD	2026-06-18T04:17:58+00:00	2026-09-16T04:17:58+00:00	1810	c389248a66589396ac97ab51cbfd7669de32fe501eae9f30931c65f2519e1b16
metrics_ARM_annual_y2	old_metrics_annual_y2	sec_edgar	ARM	2026-06-18T04:18:10+00:00	2026-09-16T04:18:10+00:00	1257	f7953ae975257f00104018eaf628d10e35c989050da87ba023dfb3078c88a3a1
metrics_ASML_annual_y2	old_metrics_annual_y2	sec_edgar	ASML	2026-06-18T04:18:14+00:00	2026-09-16T04:18:14+00:00	1258	8129161ce45a42462f3aa9fb1da8bfc0ad1d5af7f246822bb1a629e8d0a54d26
metrics_AVGO_annual_y2	old_metrics_annual_y2	sec_edgar	AVGO	2026-06-18T04:18:00+00:00	2026-09-16T04:18:00+00:00	1699	6977755efabe7eb7c826fee6ca65193180265db04ad5dbb43431a71474682e99
metrics_COIN_annual_y2	old_metrics_annual_y2	sec_edgar	COIN	2026-07-06T13:11:45+00:00	2026-10-04T13:11:45+00:00	1760	e2ab7aa08fe8f051efebcc94fa8fd8860ae543ced9505e81f880a2591837c2a3
metrics_DELL_annual_y2	old_metrics_annual_y2	sec_edgar	DELL	2026-07-06T13:11:47+00:00	2026-10-04T13:11:47+00:00	1812	bef766e636f8f28814f407ae08144ea2b9a4cf5a0a12f543fd5eef2572bbaefa
metrics_GOOGL_annual_y2	old_metrics_annual_y2	sec_edgar	GOOGL	2026-07-06T13:11:45+00:00	2026-10-04T13:11:45+00:00	1774	a4912cb6298f86d5dcc1590faabd67689eeeff9101fdbf020122a500d238f1a9
metrics_INTC_annual_y2	old_metrics_annual_y2	sec_edgar	INTC	2026-06-18T04:18:04+00:00	2026-09-16T04:18:04+00:00	1820	9ba4e90780f9a51992cf6999b242888691d442445bb55fbcbfc853bf9844c309
metrics_MRVL_annual_y2	old_metrics_annual_y2	sec_edgar	MRVL	2026-06-18T04:18:02+00:00	2026-09-16T04:18:02+00:00	1824	cdcddb87b4b8d3124b5623c5b09f977ac48dcefe4d790f48107af50985b5b422
metrics_MU_annual_y2	old_metrics_annual_y2	sec_edgar	MU	2026-06-18T04:18:08+00:00	2026-09-16T04:18:08+00:00	1804	d13d2a4a64021d6554202ef0802ef54a083ea224747c5b0d62fb82ed8b2bcf6f
metrics_MXL_annual_y2	old_metrics_annual_y2	sec_edgar	MXL	2026-06-18T01:07:35+00:00	2026-09-16T01:07:35+00:00	1787	d01e671dd5b407eff837237acd7c1103ce8cabec432be36d0d040cec18200ef6
metrics_NVDA_annual_y2	old_metrics_annual_y2	sec_edgar	NVDA	2026-04-15T23:33:08+00:00	2026-07-14T23:33:08+00:00	1808	c7d73bdef86960316de12277e6ce7d0a0eb6822681d9fbacd8dc7b2c60a2f94a
metrics_PLTR_annual_y2	old_metrics_annual_y2	sec_edgar	PLTR	2026-07-06T13:11:45+00:00	2026-10-04T13:11:45+00:00	1730	8c141b4c3c665a36151820bc458abdc81d33bdc97e683e83941440cef0cbbc71
metrics_QCOM_annual_y2	old_metrics_annual_y2	sec_edgar	QCOM	2026-06-18T04:18:06+00:00	2026-09-16T04:18:06+00:00	1801	db27d5abe863a1888cd46d2e3a918cce13c2a4a6389634fea861ed84923d1997
metrics_RKLB_annual_y2	old_metrics_annual_y2	sec_edgar	RKLB	2026-07-06T13:11:46+00:00	2026-10-04T13:11:46+00:00	1820	3d7d64264777f00831892ef27453c908cf99ac5edea525937a20d83306327916
metrics_SMCI_annual_y2	old_metrics_annual_y2	sec_edgar	SMCI	2026-07-06T13:11:47+00:00	2026-10-04T13:11:47+00:00	1764	a1a6bcb94048061073442f7619942d252005ded60ce5624be5308a25c30dab52
metrics_SNDK_annual_y2	old_metrics_annual_y2	sec_edgar	SNDK	2026-06-18T23:30:55+00:00	2026-09-16T23:30:55+00:00	1258	b87acbc225b70d4200f59b2cf5dd629c8c7dd2344bccfa65946fe946b84b472c
metrics_STRL_annual_y2	old_metrics_annual_y2	sec_edgar	STRL	2026-06-18T23:30:53+00:00	2026-09-16T23:30:53+00:00	1732	67e02be959f4e33ff20ec24325a78bc19dd803a0062cd8f0ba1c6a955a49c52a
metrics_TSM_annual_y2	old_metrics_annual_y2	sec_edgar	TSM	2026-06-18T04:18:12+00:00	2026-09-16T04:18:12+00:00	1257	f27615b33a18a6c2c6be8a80b248a3a802128a45bb66446c929a8d5d81e55c0e
