id	ticker	snapshot_date	payload_bytes	payload_sha256
1	AAPL	2025-12-25	6190	54dc3f6e516144d2863f3aad2741637466810373eb59fe3327d9960f983154f6
2	ABNB	2025-12-25	6084	b6d996b162df528bac5f27517b74b8176e7782eda7441ee95fa66bfb359cb05e
3	ADBE	2025-12-25	6102	3e79ff61fe2a1b3c3d212df4cce86ef72f825fdb0e8c93a34b277e991f532358
4	ADI	2025-12-25	6078	c992ac551b3fec29b7a5432c9146f35dd8c56f23d62be13231296bd0ad23a1d6
5	AGX	2025-12-25	6150	63f87b977c28a0ea29af795558c8916086a2850fcec3f92a16fd8c75a9d515ed
6	ALL	2025-12-25	6070	8da153c9b2a789244083119a04ab9790308476691733dcec4611682052cc3fcc
7	AMAT	2025-12-25	6143	08536cad39195fef9a1db0ad7668adbdd4de41a722d507405b56a38f208c7e22
8	AMD	2025-12-25	6116	083b87d8f99c86918c811f74bbad9117e9bca366b5e4de30c074fea0c7869b77
9	AMGN	2025-12-25	6089	dd670ee35abe528a557145c0ef04944bf8edc9fd4b30a1639e885d1201f97f9e
10	AMZN	2025-12-25	6171	7917ceca938650727c43926d00b5885b19a86964b285a52bacb442121ebf230b
11	APP	2025-12-25	6032	e6089d48eb4607e19c97188005ff05fdd574c004cb19d46566fca26559d72e0a
12	ARM	2025-12-25	1623	cfcf1b33fccc54a2db1f3f1cf051d1153009a87ab34a7bd20168f2ddafa35277
13	ARQT	2025-12-25	6306	22dbd2a52fce7a02b533154c39fe1ac1ebccf501190f718bf66c4a9f2cab3118
14	ASML	2025-12-25	6140	8b8b526ec932fac90bf5994edd28a16c302025ee2967e2fca9a6f72b2729a4b5
15	ATGE	2025-12-25	6177	ee80ce9c9d4c2a050920e5b6d06d6fde0a2c55b18287ecbf64090ae363814852
16	ATVI	2025-12-25	256	5bfb2589a6ef336eff7bc2ba7e530ee0a9ac8cf56ae8eba24c9d2e15d7e8b233
17	AVGO	2025-12-25	6176	2587dcca8dc023d3d134a5d65abc2b6d49577e282e1202aa6ab593952becc347
18	BKNG	2025-12-25	6047	def3f11ce35088a7ccf4e08319a7007b604c3717f32986ce2a839f512a0cdf90
19	BLBD	2025-12-25	6171	9fe5deb2dda05713d8fd7537f8d3d6378a75f413e718213a8f297ff3404b2530
20	BMNR	2025-12-25	1629	2873a0d32e37d56692ba10ef292c6a4e80d1f887fbdea037f66577d99af8e144
21	BRK B	2025-12-25	257	b6a7f1c3b937bab86567528b139f862fab39a319ed72ddeb564792948d7c4ebb
22	CAAP	2025-12-25	6324	8bf78e618850be877a3e96d3b67e837ed3d3656844043d5afb0263be8eab1381
23	CAVA	2025-12-25	1611	648298dac2b10bfaedc10ce9d26a663082aedb5464a913733b87d402cf8f2684
24	CCL	2025-12-25	6122	dc2786a0d0bce6737b4806b620e7493a0cac97047a95696eff88cd785b2f50bf
25	CDE	2025-12-25	6097	671d83cfe788bf218cfc295790cf4c66dee0e25214bb3a2bac760cb49cde77ba
26	CELH	2025-12-25	6146	11e1e868b50afd5597937db9c24cf6f5fb0246039e087e98dcea2110e5bfb9cc
27	CLS	2025-12-25	1568	d0a203fd4757c81699974008f23e63aad31ccc36c1caf7419100f349e3a71877
28	COIN	2025-12-25	6094	a1c492827a877d977c83b0f3f851c061a94edb5083e77a0f8d379c48cb8a7ba0
29	COMM	2025-12-25	6269	77080802ca614f239c23f2aff725f96cfc73c21249e664ac54958abadaffcfe6
30	CRDO	2025-12-25	1634	f996adcd468d6afa5cbb18e962e8efefcdc0b5ff922b58c06809869c2b18dff2
31	CRM	2025-12-25	6132	fb6c91f1216d5244b5078ed7e63574f2ba038d028ac6082c7551697f06816c32
32	CRWD	2025-12-25	6120	e5e95573e1c6bb3f6b858ba28fb026f405eccab3536d3591dfe87918c8b29529
33	CRWV	2025-12-25	1637	af61beb8c7b10cf480f37106846210460f72319e16334c58f490c9ca3ab62df1
34	CSCO	2025-12-25	6173	a17447a917f8a874d9003e0d5105871d78ff2113d51c27051671aee165f95cb0
35	DDOG	2025-12-25	6035	45e3efa0e3f3f7422054a3537583f4fd388f154c5096103dc026d7bad1282300
36	DKNG	2025-12-25	1624	0084c5200ee8f5cdc3448af38a8f23a4f031df396a6ae2fbecebbc908ffc7e0b
37	DOCU	2025-12-25	6050	52a75a10b0a645ce7107afc3f1eb9fca4986bf88c52947c0f91b831c4bf8f3e9
38	DPZ	2025-12-25	6055	d3683b1299db003266d75078fcec6ea3268eb163417cefd6985961298e35dd11
39	EAT	2025-12-25	6075	b29655aad85a650f003ff7a262849aa0427d88b6be0cab9ff90804396d63f7ef
40	EA	2025-12-25	6128	b83332c9615f8a7f3ea2e9ee6d0447fbe9b66b3a91809053da90991b5594877e
41	EBAY	2025-12-25	6043	b1085b3d0c7353f79757d899b1c148ab85abecd2cb2c8c6bea9668c6f6aee405
42	ELF	2025-12-25	6038	0dbefead7e661b3ce840b0f6e46ab74c5673115f6aa5f31e623c7431b2b43918
43	ELV	2025-12-25	6033	2b04386cec0a784a33367d40d417303aa428ed157693860589673aaace6b6167
44	ENPH	2025-12-25	6104	5399d8f959dddfa5236186337b8d3d90801a36b07d57f326a2f5eaab9698aecb
45	EZPW	2025-12-25	6225	255c1c7985238c4330815d66978c88aafc5816528ea7406bfadcd7cf3c4fb2bc
46	FSLR	2025-12-25	6053	7c16164d1a3c069ee65a5e5acf8080272dd6fa830b421a626d3d679217c41bb6
47	FTNT	2025-12-25	6136	073def25db54ca9940db423a7fc464bfe2d4252d24624601e0cb1c569e680232
48	GILD	2025-12-25	6093	9a21e368e8fcd48a7ae31cbe92d71fd841b13a588f5029f72abfa83f778a6dcb
49	GLXY	2025-12-25	1621	296ee7b02d258b9df33f021a034d69a9f858299587464371931dbb2b6d60c60e
50	GOOGL	2025-12-25	6137	ed4795fadc0a90d864ceb8608f651a2391569709a1a8197f21f6c380b22bf2f4
51	GOOG	2025-12-25	4767	ccdb96e4f2813918d39a65aae5f544e79b6158214da6316c13af878858c85010
52	GRAB	2025-12-25	6094	7bc7d27cb2d2d7b55052fc9f05f6cd09c71c5836a6687445dacdc5f3730be32f
53	IBKR	2025-12-25	6063	5554131025d1ac8cfa7b00a606108349fe721450c974f4da15e79c5aadcc7086
54	INCY	2025-12-25	6091	eab1901a48a5a0ce27d36c579531117476cda9fc1322d323d1e303a06f8ded96
55	INTC	2025-12-25	6122	4cbb3ce564346342ec7c25baac993220e49cb1f6e80912971fbc4513bb60d33a
56	INTU	2025-12-25	6059	b060463d0e97cccc92a7e1e74bbca18a91665a599001960b22378634915b3857
57	ISRG	2025-12-25	6071	f7d155730ea8c2d7054b4207ebd99746a4b3e6fd0ca536be22d7786f296cfb82
58	JD	2025-12-25	6102	7784223e1e27bf6cfe245901dbd1569edb96e144de0bf684c339cd96a9313641
59	KGC	2025-12-25	6041	7d6b1c075ba31a43d87eb740510e53ad388b01fbbeb8e72672c9f24ac1ebd9f5
60	KLAC	2025-12-25	6038	26388e857761e8e4ecd0c3685ad538081f9cec00d2951b08d15f327dbc503fbe
61	LCID	2025-12-25	1635	bc7cb7e43733283f57cb79e69aae9f9398eea3cdfe2b23423125296628b32f4e
62	HAPN	2025-12-25	6251	2a6d945488c6dae8a78648688fc94b12bb839cee508e72c77801a41be4927a59
63	LLY	2025-12-25	6134	21dc8b5946d45c98b8ebaaf04e11613b388aa711d6eeb8c7de85d0c5588ee4aa
64	LRCX	2025-12-25	1635	282abd3f735cddbb5236f90ae4ed7eac7a474feca8d470b45a9a89c9d19b89c7
65	MA	2025-12-25	6132	91cc7f6adb1b11318e0326f5a4c3b38df09cb263eba1eb914aacf53df2f0b73c
66	MDB	2025-12-25	6024	e6b0e2c51fb5f6ba9c67c2d4df436265f300a8ce2b406485fb6b86bb02e296f9
67	MELI	2025-12-25	6080	e02c6d2ff53276151dcab50a109c425f2ee5f2a8598deee44e7c902e22b47e77
68	META	2025-12-25	6145	4e20445af17e8878879db4a198d0a402ba0e04328ee2d89b2af2597b353c0a56
69	MFC	2025-12-25	6094	b9f605477c7b02b6b313322a0a7d692199e8a4b15e691868aac0ae26e8000b17
70	MGX	2025-12-25	1612	d79f54fd5a37da6bd26b8c3583e26f38e3e114328bf988e5e3ec46d06b265484
71	MRNA	2025-12-25	6103	1d5bfac25944747aefa08fc87e097670739107ce5461424e00603ee336ba4e12
72	MRVL	2025-12-25	6118	7ed1942fec3b15846f4d78d69a652138154412cbb79970fbaa135ab4228d8179
73	MSFT	2025-12-25	6184	34246d909a46f1d857de51d4a9028346d3c5b847ed7fb8ae9fe9552103cf66d9
74	MU	2025-12-25	6091	1369dc6e8b5511618bc4497f427aad728851e3f1f7ddae154c56af8d90c938c9
75	NBIS	2025-12-25	6103	82ef0e752f2aeb2bea84bfc1c2347a75aaa2dceb3058d28ca3f94e3d90c77c89
76	NET	2025-12-25	6082	bf6f01c71ee51e1893f865b159491130dac0085ec417af49e33d12cf346c85cd
77	NFLX	2025-12-25	6119	dc6d1bb2ed3cd34fd1c6680c2a6e4dc78a5d3b976d77c9bea94e6fcfd100f913
78	NOW	2025-12-25	6075	8f9b145dfb06263fa6f9a77a73b9a53553bff3dde689370212f3a29bbc74cf09
79	NVDA	2025-12-25	6188	67d48dd0168acd55f925d7f65a75699561c1dfeada32059d49a9b6feb71a2bb5
80	NXPI	2025-12-25	6067	19ccca4fbd3aabae6c613c5e98c8c72d4eeb552913a998f2c1b4565a57b73303
81	OKTA	2025-12-25	6058	340c62b89a003c5195dea06d15db4d31e68dc2ab6746a9e739516ba1505900f6
82	ON	2025-12-25	6081	edd4fb8a839edfdec7c481845845d3c55e50c33aba05ecadb538c7cc7f14b255
83	ORCL	2025-12-25	6158	b344c2b31fda7a9164d20d7f854a3a1fc6f941f0550576d678756a2269f1548e
84	PANW	2025-12-25	6111	9db3126d0608c601e55f74a71ba1812d15c972bfacd02f6a9cbfeaa32ca8b638
85	PARR	2025-12-25	6142	5ca3fe1a7acc71c069b5f6c9de354ae77eafecec2f964a03d01a04b727c4af2a
86	PATH	2025-12-25	6166	8020f21cb0257302b1084b6b3ec6ec33922d73775adc57c536032bc630506e6d
87	PDD	2025-12-25	6132	d1d90e7c1b4bd6d283a034a1411bb66088d469014f5551706534f1796db34200
88	PINS	2025-12-25	6038	a3fbb32ed707cf75e35fa82fa2ccf91b76366e9f59811a3940807f4142f7fa18
89	PLTR	2025-12-25	6139	4f1693802f9c1c5a0abe8865e2fb04b826d640371852197160ed845c44718e1d
90	PLUG	2025-12-25	6168	4db0f9f100d993abb34a55bba5392944995f5fff72133517ed7be309aa0e615c
91	POOL	2025-12-25	6047	3453d40f17cca85fe5f3d8ebee27989acf1c810bc0d678082eadbd60514a39da
92	POWL	2025-12-25	6121	9bc217455631f25a9695a8df1705515e3943892dd14e799a9dd0d7c008a71bdc
93	PPC	2025-12-25	6073	4015fafec12c31024f9c725d1f8ec444f1433112909561c770a37c899e75e0d2
94	PYPL	2025-12-25	6084	6174be048815a9b50eb93a23d1b1cd62458e1c9c3861805fe2872dc39b6f026d
95	QCOM	2025-12-25	6128	0304110e43c31ef49d55aef2330f43cff8cdcd7b6a783a0d5b1091aabf1185bf
96	QQQ	2025-12-25	255	b5bafa20074e1f602ad7437076bdd9fb48e2ae008051e76a8cf59f96b2007780
97	QTWO	2025-12-25	6079	ecd7296f9544f26adb3f408b6f95760aa24be6929fa04e1714e40084b10b4cad
98	RBLX	2025-12-25	6057	59e6119cf2caf8da19bb7a78cfef09d09e38a407e501f6423c2bc28b75467886
99	RCL	2025-12-25	6059	5aff721ba68d77fc031e009db2ff4260a41b129a0150f0466ad1e68a21a1275e
100	REGN	2025-12-25	6077	72cf653219f3535b52c4a6e25d3c39960e8b550d34fd5dece02d223e8ee46d7b
101	RIVN	2025-12-25	6086	44e46418ac53267a3c19bf36b1fcb4a21e90d7fdc793acfe211d3893edd46da2
102	RKLB	2025-12-25	1630	5e4c086a9fd1757161a3c1ad4021df6f0eb4b6e4a73095792a093d2b044da0f9
103	SFM	2025-12-25	6121	272d4a00a775d08337f47613a25d217f94bfc5f47c2dc1774abfcd719b8bb192
104	SKYW	2025-12-25	6066	5920716d9357af8aab830842064473fe4d7e4b8eb97cce133d7c753dbcb6a294
105	SMCI	2025-12-25	1628	d585cac723b644bb2d898e0cb01403745cdfd20df4b002e96b2579ed2ff4c1c9
106	SNAP	2025-12-25	6123	1ea03147a5859d25f4c90d3732406f651d48cd98591dac329354b4a515eef363
107	SNOW	2025-12-25	6089	368031d6239a4061e854f92ede4bbada1eebee5afecfc3e61759d49c2b10fc09
108	SPOT	2025-12-25	6047	f41de91240f1106e9fa239868359a0a5b94c0073d4ed77158dc2f7c3b5cb9a31
109	SPY	2025-12-25	255	b3c02e1daf4defcf88c79e7abfe871d7910d4ac3f9ca1f44f50da211e8fe5ada
110	SQ	2025-12-25	254	4f515aab11d8c071ba2b2063d29d6ef1455b6f1f07479da5034c2a6ddc4b3631
111	SSRM	2025-12-25	6198	caa9563c6cd3a2064bec1c1b588b52ce688d9e8472259114df2d6243c0745c79
112	STRL	2025-12-25	6079	74962af2e528e96afa082960af08c8d003cb5258becd7ac99544f9f9948e4724
113	SYF	2025-12-25	6142	3d12e75bff1dac7a6fb6b8d5ea98809307ee6085557ebb0f1d036557f97f12fe
114	TMUS	2025-12-25	6076	a50cbdf7881ee62d264a217614112f347c0504251d7ccdefef8fbfaff0d9de60
115	TSLA	2025-12-25	6077	02422600ac022ffce48882cd9353ecbc8a920fd7bca2527767dc4f09ab688c52
116	TSM	2025-12-25	6140	111e6b331ad25d3ad226268d27db5ef3bd950eb720363380d64f34b1b238642f
117	TTMI	2025-12-25	6142	66b46c18a5ad703270a33c5c075c14aad93ac85867e382754ecb3693cbb5adfd
118	TTWO	2025-12-25	6073	bc84de2f2e2dbc30822ca975fdb82b4e8bc7b8a9c69b4f38fcf17033dda7f467
119	TWLO	2025-12-25	6059	02597b18e844aa4129e507013c856e8c6589dbf2ab16ddd50ae5f5228960dda0
120	TXN	2025-12-25	6132	7c9405ff447beaa5a826192d84a55946e6a8dd5e54869a70a34cce311925354e
121	UBER	2025-12-25	6083	8216452595bff05e1252c45a2d62f959dbe2d9eb107b75285dcca4c608fb9666
122	UNFI	2025-12-25	6167	9e93dee023631f36bda02e13ffded7d02575c4b97e879b712ad89dfe59156354
123	UNH	2025-12-25	6143	6277cb55e94f81c9b6c222c22cb5fdb37c2c0cfd072fc8bc41a7734056104feb
124	V	2025-12-25	6129	c2dcd6d5a8def479ad1465029baed490adc0a35070e1db95534c523f0ef5b723
125	WFC	2025-12-25	6118	4f6cc613865138451931d75894a9e6b1ab99984d017826e98f67f71c7d4fd31b
126	WLDN	2025-12-25	6197	23d2400b307567aa4d5bbfc14ca8cb6282bf15f2a2d296327caaa2173c0b603b
127	W	2025-12-25	6097	8516393768d0d972f2ddb1cac91319f787cb93e81a5fe68d2f8c72853a47a0d6
128	ZETA	2025-12-25	6333	b0eb11ea0444b3c57019c6bb36a5cfe8a4a51f28b17661cd9435e927a126c19e
129	ZM	2025-12-25	6065	88842c191186139f12ba71afcdff1e7dce153a5659e1dc706eb573d56edd1100
130	ZS	2025-12-25	6052	f1f855980d7f63ab03c74d7865e8c7095f6af1dc642a1afa55a514446d8fbac7
