relative_path	family	raw_ticker	size	mode	inode	mtime_ns	sha256	row_count	min_timestamp_utc	max_timestamp_utc
data/prices/15min/AAPL_15min_2024_2025.csv	15min	AAPL	848519	0664	127284175	1767112891871426521	b8d48811ab435b4ad8a59abde623e4656b9ee776882c006fa9d2124807cef650	12860	2024-01-02T14:30:00+0000	2025-12-30T16:15:00+0000
data/prices/15min/AAPL_15min_2024_2026.csv	15min	AAPL	175413	0664	127284954	1783002531768346353	efc1696c0d62ca239385ba2f9d8b611a31eb0a8ae6144cfd458f728fa2022132	2664	2025-12-31T14:30:00+0000	2026-07-02T14:00:00+0000
data/prices/15min/ABNB_15min_2024_2025.csv	15min	ABNB	1161663	0664	127284206	1765936118185238596	b2f5bda5d185c043ffe37d78d35d121614613b352e17e73fe20573bf87a61d77	17918	2024-01-02T14:30:00+0000	2025-12-16T20:45:00+0000
data/prices/15min/ABNB_15min_2024_2026.csv	15min	ABNB	190106	0664	127285141	1783002532636351384	b8e0fef46ecc60b720d9e40c6eaaf334dcc0831ab6c4ba2c1f7b299306ee84df	2936	2025-12-17T14:30:00+0000	2026-07-02T14:00:00+0000
data/prices/15min/ADBE_15min_2024_2025.csv	15min	ADBE	830693	0664	127284190	1767112914976510839	60ea6bd3a097dc74693a61ffbdaaa6d4c615eec5c8d55024ba927641646f6725	12861	2024-01-02T14:30:00+0000	2025-12-30T16:15:00+0000
data/prices/15min/ADBE_15min_2024_2026.csv	15min	ADBE	173071	0664	127284971	1783002533334355428	7804879ee61de2980b30b93eedb5386b67980b5a7c9c653c2fdcc2d3848bcc97	2666	2025-12-31T14:30:00+0000	2026-07-02T14:00:00+0000
data/prices/15min/ADI_15min_2024_2025.csv	15min	ADI	1140648	0664	127284218	1765937102284880416	bbaa68aa3d3fb73df7091048c5fffbe0f302d64abc3e8735d46a767063bc7eb0	17918	2024-01-02T14:30:00+0000	2025-12-16T20:45:00+0000
data/prices/15min/ADI_15min_2024_2026.csv	15min	ADI	187025	0664	127285153	1783002534106359903	5f668b49545bbf481ec04f365289d0e784db9e077592ebfda82dade8eeab8e8e	2936	2025-12-17T14:30:00+0000	2026-07-02T14:00:00+0000
data/prices/15min/AFRM_15min_2024_2026.csv	15min	AFRM	964351	0664	127285418	1783002535168366056	878b36c904c88c51164095987f10ebd9ba448f440d6804e5148e87ecbccc754c	15764	2024-01-02T14:30:00+0000	2026-07-02T14:00:00+0000
data/prices/15min/AGX_15min_2024_2026.csv	15min	AGX	956593	0664	127285199	1783002535868370113	8bf8db659961374616d89e6b43bba3474e4c346063ae195b016bd00aea2af7b7	15671	2024-01-02T14:30:00+0000	2026-07-02T14:00:00+0000
data/prices/15min/ALL_15min_2024_2026.csv	15min	ALL	993183	0664	127285190	1783002536568374169	2f2d61297dcb7512a1a5d6f9149dc206f2907b6e9ecbabc61d096f1fcde8f9d8	15671	2024-01-02T14:30:00+0000	2026-07-02T14:00:00+0000
data/prices/15min/AMAT_15min_2024_2025.csv	15min	AMAT	834915	0664	127284187	1767112910731495317	3736d11854f3e3f1ecb7df72087030fd4373ec6e79f4f538d081b36cef8124b3	12860	2024-01-02T14:30:00+0000	2025-12-30T16:15:00+0000
data/prices/15min/AMAT_15min_2024_2026.csv	15min	AMAT	173112	0664	127284968	1783002537222377960	f6af62f1c52cb073d5dc84d0e4ac954d318d01d72e45468fe1b59f3e4ea7e314	2666	2025-12-31T14:30:00+0000	2026-07-02T14:00:00+0000
data/prices/15min/AMD_15min_2024_2025.csv	15min	AMD	833717	0664	127284183	1767112903441468688	5d9a4ae156e7f20aa36ed65c4fc3ea93541df01497143ad509449babd4c72428	12860	2024-01-02T14:30:00+0000	2025-12-30T16:15:00+0000
data/prices/15min/AMD_15min_2024_2026.csv	15min	AMD	172371	0664	127284963	1783002538008382514	edf8765c3cc3098f69db70be4408f20be023e6a5c0fd83b2308860f3a3b4fbfb	2666	2025-12-31T14:30:00+0000	2026-07-02T14:00:00+0000
data/prices/15min/AMGN_15min_2024_2025.csv	15min	AMGN	829822	0664	127284198	1767112932548575227	2a64f645a715eec9ddcf812f3fb15f7de87e8c01f692245dca374e89520bc93b	12861	2024-01-02T14:30:00+0000	2025-12-30T16:15:00+0000
data/prices/15min/AMGN_15min_2024_2026.csv	15min	AMGN	172267	0664	127284979	1783002538709386577	19d2547d1325b0a225913c2a07ff5691fff6191d5441852653a13777f59279c8	2667	2025-12-31T14:30:00+0000	2026-07-02T14:00:00+0000
data/prices/15min/AMZN_15min_2024_2025.csv	15min	AMZN	846802	0664	127284179	1767112897856448319	091db1a7bc62b6ada553e74c994f0210c20e24f4acf50bf3f95c925f05fc2c7b	12860	2024-01-02T14:30:00+0000	2025-12-30T16:15:00+0000
data/prices/15min/AMZN_15min_2024_2026.csv	15min	AMZN	175615	0664	127284959	1783002539378390454	53d6d15debcca563a5ecd6917dea8ba248ff6e7f324516b989bdf9f7ed212ab3	2665	2025-12-31T14:30:00+0000	2026-07-02T14:00:00+0000
data/prices/15min/ANET_15min_2024_2026.csv	15min	ANET	996371	0664	127285417	1783002540124394777	1c9f41e7c8d0608919f6869d61481b0f7566afaf5197eba51aa315a370ef8a40	15765	2024-01-02T14:30:00+0000	2026-07-02T14:00:00+0000
data/prices/15min/APP_15min_2024_2026.csv	15min	APP	981779	0664	127285184	1783002540871399107	ee702b26f037b8e03bc5bbfe52ea6ec92b506ff9bd6c7b7d60a97367bc643472	15670	2024-01-02T14:30:00+0000	2026-07-02T14:00:00+0000
data/prices/15min/ARM_15min_2024_2025.csv	15min	ARM	1140115	0664	127284220	1765937271316511879	9d3ea03e5552a884134b13482482b5dff29664b8394a1a7b626983b5ecbcba5e	17918	2024-01-02T14:30:00+0000	2025-12-16T20:45:00+0000
data/prices/15min/ARM_15min_2024_2026.csv	15min	ARM	187940	0664	127285155	1783002541533402942	ea5a06b49837cf69bbec7c4f1421300e389c0740f28362f8588510464ec2c010	2936	2025-12-17T14:30:00+0000	2026-07-02T14:00:00+0000
data/prices/15min/ARQT_15min_2024_2026.csv	15min	ARQT	956488	0664	127285217	1783002542271407219	75d1a82ca3fa2839acb82deb5baadd578f59430ffa51916d949f7c6bc4737c14	15671	2024-01-02T14:30:00+0000	2026-07-02T14:00:00+0000
data/prices/15min/ASML_15min_2024_2025.csv	15min	ASML	1158805	0664	127284216	1765936958233342999	4d67e4ae28a5c1ff820439446c732c97f2c7d09bd2f3cc3055e6bdee563481c1	17918	2024-01-02T14:30:00+0000	2025-12-16T20:45:00+0000
data/prices/15min/ASML_15min_2024_2026.csv	15min	ASML	200667	0664	127285151	1783002542935411067	01453df1968d5bef70c8f52eae769e32126bc8668f8719914a7251d0e7d7e5bc	2936	2025-12-17T14:30:00+0000	2026-07-02T14:00:00+0000
data/prices/15min/ATGE_15min_2024_2026.csv	15min	ATGE	841946	0664	127285208	1771861503316833619	2065ff4374f0a5ba142c1392d29b1c8305f080086ba4e177295598d4c862a540	13753	2024-01-02T14:30:00+0000	2026-02-23T15:15:00+0000
data/prices/15min/AVGO_15min_2024_2025.csv	15min	AVGO	842496	0664	127284184	1767112906311479165	62b1ad65b1e674cff8c221a088c35d5d01ea63f3f49da2ef95a67a84df9eea76	12860	2024-01-02T14:30:00+0000	2025-12-30T16:15:00+0000
data/prices/15min/AVGO_15min_2024_2026.csv	15min	AVGO	174762	0664	127284965	1783002543643415172	7b0f89042a422583c18d721e7bf4a6d490b61eb162f942df0bb8f58a79d7f092	2666	2025-12-31T14:30:00+0000	2026-07-02T14:00:00+0000
data/prices/15min/BKNG_15min_2024_2025.csv	15min	BKNG	1198267	0664	127284237	1765938705595866865	15dbffa68fb12cfc3b842b6e1aa1a5fc1b818f3e36be0f885b16ab88f65cf687	17918	2024-01-02T14:30:00+0000	2025-12-16T20:45:00+0000
data/prices/15min/BKNG_15min_2024_2026.csv	15min	BKNG	195642	0664	127285172	1783002545043423285	cadfcaf2c1ae592047c42c34e03e733d48ff5adc65629827e133df3b0a747675	2937	2025-12-17T14:30:00+0000	2026-07-02T14:00:00+0000
data/prices/15min/BLBD_15min_2024_2026.csv	15min	BLBD	937540	0664	127285202	1783002545778427546	4384ea7509cdd2ee789f75abdc32561e0217dd278de78445e3abfd26faf01328	15671	2024-01-02T14:30:00+0000	2026-07-02T14:00:00+0000
data/prices/15min/BMNR_15min_2024_2026.csv	15min	BMNR	665730	0664	127285231	1783002546507431770	5de2ddaf34f1e2b1ec6db7251692ec46a880d728e59bf565a63ba8a8cd87a2df	11497	2024-01-02T19:30:00+0000	2026-07-02T14:00:00+0000
data/prices/15min/BRK B_15min_2024_2026.csv	15min	BRK B	1028799	0664	127285252	1783002547199435781	b67298b6910c5f34827c7508ddba77d0bcecdcf9fd7a6906de18e743ff32d6fb	15691	2024-01-02T14:30:00+0000	2026-07-02T14:00:00+0000
data/prices/15min/B_15min_2024_2026.csv	15min	B	932054	0664	127285705	1783002544387419484	3bb769de514abdaffd90e1f31709ef4327f905ba8852ab8310da5c533abe9700	15869	2024-01-02T14:30:00+0000	2026-07-02T14:00:00+0000
data/prices/15min/CAAP_15min_2024_2026.csv	15min	CAAP	950838	0664	127285203	1783002547895439815	289323d0017dfa1d0127f4974db4e5a970f1bdba1b9b6f0e576aaa70722a6123	15671	2024-01-02T14:30:00+0000	2026-07-02T14:00:00+0000
data/prices/15min/CAVA_15min_2024_2026.csv	15min	CAVA	964666	0664	127285212	1783002548586443820	596e5ebb40804ff78d37b09e8667a37194d4b2942fe4b40376833f01437949f9	15671	2024-01-02T14:30:00+0000	2026-07-02T14:00:00+0000
data/prices/15min/CCL_15min_2024_2026.csv	15min	CCL	952592	0664	127285205	1783002549278447830	3e7065291b48fba7b6a3db94dcf58a5cd1ba677e6635d0fb32f55ce26f3cf912	15671	2024-01-02T14:30:00+0000	2026-07-02T14:00:00+0000
data/prices/15min/CDE_15min_2024_2026.csv	15min	CDE	942891	0664	127285224	1783002549976451876	07481b1bd47b4fe4b708cb1023cade3de3988017fd90064b7aa7a5603a1a39cc	15671	2024-01-02T14:30:00+0000	2026-07-02T14:00:00+0000
data/prices/15min/CELH_15min_2024_2026.csv	15min	CELH	958071	0664	127285215	1783002550670455898	041209a9db42e757daed53fe8d0b9e9035421bd75fdfac4ed1f4220b4f531cee	15671	2024-01-02T14:30:00+0000	2026-07-02T14:00:00+0000
data/prices/15min/CLS_15min_2024_2026.csv	15min	CLS	966008	0664	127285185	1783002551429460298	c001688027f0511be0deea530ebdaf6f8b9d729f2797049e16676b567646239c	15672	2024-01-02T14:30:00+0000	2026-07-02T14:00:00+0000
data/prices/15min/COIN_15min_2024_2026.csv	15min	COIN	1020355	0664	127285195	1783002552121464309	c6da4cca4e061b25085cadd4800c97947e6c1ad7a9896324ae480d2cb0906862	15672	2024-01-02T14:30:00+0000	2026-07-02T14:00:00+0000
data/prices/15min/CRDO_15min_2024_2026.csv	15min	CRDO	974409	0664	127285186	1783002552813468321	4de03365468db9e828cf75b020c565fc14547b0862cc9cfc77d3e38084100742	15672	2024-01-02T14:30:00+0000	2026-07-02T14:00:00+0000
data/prices/15min/CRM_15min_2024_2025.csv	15min	CRM	822886	0664	127284189	1767112913583505741	54d351067ad9d86efd8b7269602895d8154e003f3b0892456d566eeb7efbb18e	12861	2024-01-02T14:30:00+0000	2025-12-30T16:15:00+0000
data/prices/15min/CRM_15min_2024_2026.csv	15min	CRM	171830	0664	127284970	1783002553620472998	1705d1d149cda54e90a5777d8284daec0d5e08e51e47f1bdabc65090b23c04f0	2667	2025-12-31T14:30:00+0000	2026-07-02T14:00:00+0000
data/prices/15min/CRWD_15min_2024_2025.csv	15min	CRWD	1156715	0664	127284222	1765937445563163499	45a874821205934c09319c83d276de54ba8534817b736f70d6bcaa14c86afc36	17918	2024-01-02T14:30:00+0000	2025-12-16T20:45:00+0000
data/prices/15min/CRWD_15min_2024_2026.csv	15min	CRWD	189716	0664	127285157	1783002554416477612	f8b172368b918225e4020dff5cffefd06987e75acf9eab7f292bcd0871a6390a	2937	2025-12-17T14:30:00+0000	2026-07-02T14:00:00+0000
data/prices/15min/CRWV_15min_2024_2026.csv	15min	CRWV	484978	0664	127285232	1783002555095481547	cb4113f18a7a05411b33082807af02a0e0098d6f3c675312e6264f2b387daf25	7635	2025-03-28T17:00:00+0000	2026-07-02T14:00:00+0000
data/prices/15min/CSCO_15min_2024_2025.csv	15min	CSCO	1104668	0664	127284248	1765939622429594372	996b12dbcfaf1c440c45447ebaac34a24511b9ded1b8efcf5b73a601117511cf	17918	2024-01-02T14:30:00+0000	2025-12-16T20:45:00+0000
data/prices/15min/CSCO_15min_2024_2026.csv	15min	CSCO	183791	0664	127285183	1783002555834485830	db4492f6155b532e629f422591a09e259a9f908a4f1ab7d7b9c4c2e5a17e755b	2939	2025-12-17T14:30:00+0000	2026-07-02T14:00:00+0000
data/prices/15min/CSTM_15min_2024_2026.csv	15min	CSTM	958090	0664	127285868	1783002556579490147	2ee8f20a85e0a03a9eeb81e5b391ca78e884ead25f0dcbb7787bb2687f29ce56	15912	2024-01-02T14:30:00+0000	2026-07-02T14:00:00+0000
data/prices/15min/CVSA_15min_2024_2026.csv	15min	CVSA	975612	0664	127285706	1783002557268494142	687bfd968ebd8c581884378adbab3ceeab4d15562f3d2eeba2ea958cf518934b	15871	2024-01-02T14:30:00+0000	2026-07-02T14:00:00+0000
data/prices/15min/DDOG_15min_2024_2025.csv	15min	DDOG	1158153	0664	127284227	1765937865286143789	a547cfb5b7e672bc9352f795262192a2a7a35e37edf62af1ee051a4543d5da52	17918	2024-01-02T14:30:00+0000	2025-12-16T20:45:00+0000
data/prices/15min/DDOG_15min_2024_2026.csv	15min	DDOG	190524	0664	127285162	1783002558023498519	b1ddf1414c232ecc426a2d75f47a4872cbe749063bec46ba0d1926948279e550	2937	2025-12-17T14:30:00+0000	2026-07-02T14:00:00+0000
data/prices/15min/DELL_15min_2024_2026.csv	15min	DELL	1017155	0664	127285416	1783002558770502849	050b5e51c646bd09ef658dce89e97f986c5ec2e56a51fdfc7f774102940c1e6e	15765	2024-01-02T14:30:00+0000	2026-07-02T14:00:00+0000
data/prices/15min/DKNG_15min_2024_2025.csv	15min	DKNG	1101821	0664	127284241	1765939058347964277	35d4dc5f5f803de3b79f432898407d8af2a41280b27d001ec1054bbe91e39267	17918	2024-01-02T14:30:00+0000	2025-12-16T20:45:00+0000
data/prices/15min/DKNG_15min_2024_2026.csv	15min	DKNG	180985	0664	127285176	1783002559431506680	5113b60670958aae78fce24be33dfb0eb8d8dd00b05c9d0c5519e2d9bfcc1b71	2939	2025-12-17T14:30:00+0000	2026-07-02T14:00:00+0000
data/prices/15min/DOCU_15min_2024_2025.csv	15min	DOCU	1087277	0664	127284211	1765936538196781903	32a497d2f8b536eeca56c1f7179a5c15625786097d269e4757df55579fdeabe7	17918	2024-01-02T14:30:00+0000	2025-12-16T20:45:00+0000
data/prices/15min/DOCU_15min_2024_2026.csv	15min	DOCU	178649	0664	127285146	1783002560140510791	3083e6bd048ad09bb1b8930915dd8b7f503b33bd0473d12e3d1e0bb8b0b842a2	2937	2025-12-17T14:30:00+0000	2026-07-02T14:00:00+0000
data/prices/15min/DPZ_15min_2024_2026.csv	15min	DPZ	984731	0664	127285213	1783002560894515161	0bf818b0993eaca8d91a4b152efc241179a73e3fcced5034fc0488a6df038613	15673	2024-01-02T14:30:00+0000	2026-07-02T14:00:00+0000
data/prices/15min/DY_15min_2024_2026.csv	15min	DY	976903	0664	127285707	1783002561590519196	e57ad1c20dec0fa1accc0387640c50e2426102429fd9d614afed855496802acd	15870	2024-01-02T14:30:00+0000	2026-07-02T14:00:00+0000
data/prices/15min/EAT_15min_2024_2026.csv	15min	EAT	971715	0664	127285207	1783002562989527305	f3f5028037182237cf64f0f6293f786e7c7f868d2c03708574f5a5468c2cb88e	15672	2024-01-02T14:30:00+0000	2026-07-02T14:00:00+0000
data/prices/15min/EA_15min_2024_2025.csv	15min	EA	1121167	0664	127284238	1765938782301819639	fc9b7ccc4d20e9203e14286c61bdeaa1292d35cb0c9d0bb98631aa1b3b616fb3	17918	2024-01-02T14:30:00+0000	2025-12-16T20:45:00+0000
data/prices/15min/EA_15min_2024_2026.csv	15min	EA	183278	0664	127285173	1783002562247523004	3d560f8b6b4ca8fc2d005701e7db32158c4d7be9bfc1151e249e23c92f1590fb	2939	2025-12-17T14:30:00+0000	2026-07-02T14:00:00+0000
data/prices/15min/EBAY_15min_2024_2025.csv	15min	EBAY	1092840	0664	127284233	1765938362314936660	0cdee6fb88e28cbad09e2da83326c25a86808561cd8376b733c8a14d586075be	17918	2024-01-02T14:30:00+0000	2025-12-16T20:45:00+0000
data/prices/15min/EBAY_15min_2024_2026.csv	15min	EBAY	183374	0664	127285168	1783002563650531137	366fa6cdfcd39391ea104474fe715b21d70fbf9e0e82e48d3069001055fc06d9	2938	2025-12-17T14:30:00+0000	2026-07-02T14:00:00+0000
data/prices/15min/ELF_15min_2024_2026.csv	15min	ELF	972512	0664	127285216	1783002564352535206	69761a7f62417e0467b8fa72e8bc83100f94b3797eb2223022863ccccadf1526	15672	2024-01-02T14:30:00+0000	2026-07-02T14:00:00+0000
data/prices/15min/ELV_15min_2024_2026.csv	15min	ELV	991902	0664	127285221	1783002565047539236	e70ec100ce97b03978a968250374c28cc1377a3253ec2a9c3cf70fd884f51605	15672	2024-01-02T14:30:00+0000	2026-07-02T14:00:00+0000
data/prices/15min/ENPH_15min_2024_2025.csv	15min	ENPH	1119934	0664	127284244	1765939300720474054	0ddcebef93caeb786eb5cd9205b5ef3cee4b3eb248f11017e38bda2fd37afc4c	17918	2024-01-02T14:30:00+0000	2025-12-16T20:45:00+0000
data/prices/15min/ENPH_15min_2024_2026.csv	15min	ENPH	179759	0664	127285179	1783002565779543481	126a08fc69ce74b5d660d02673b43511106e7799d5bd4e3419841a06ec18f37a	2939	2025-12-17T14:30:00+0000	2026-07-02T14:00:00+0000
data/prices/15min/EZPW_15min_2024_2026.csv	15min	EZPW	937316	0664	127285194	1783002566514547744	8e1ff9c1aab845459b468749317d680d5d56140514706eaa0d520ca34008510a	15672	2024-01-02T14:30:00+0000	2026-07-02T14:00:00+0000
data/prices/15min/FN_15min_2024_2026.csv	15min	FN	981223	0664	127285708	1783002567208551766	e2d78364cf2f8547985279d31171284040a6c9c44e0068d5f3c0171c4965388f	15870	2024-01-02T14:30:00+0000	2026-07-02T14:00:00+0000
data/prices/15min/FSLR_15min_2024_2025.csv	15min	FSLR	1156772	0664	127284245	1765939371463176677	1655ceefc4fd225b067c86164bfb2dc61008f78183659cabbf319e4767b8a5b8	17918	2024-01-02T14:30:00+0000	2025-12-16T20:45:00+0000
data/prices/15min/FSLR_15min_2024_2026.csv	15min	FSLR	189342	0664	127285180	1783002567870555604	a2538b8ef027a1fef3019e50917b18c0b4db9d54fb3fa7382416fa77f96443ed	2939	2025-12-17T14:30:00+0000	2026-07-02T14:00:00+0000
data/prices/15min/FTNT_15min_2024_2025.csv	15min	FTNT	1104629	0664	127284224	1765937620605818581	384852260e9c29a061c225b815e374b2498d5351e9c6956d4d1ab340f16fac49	17918	2024-01-02T14:30:00+0000	2025-12-16T20:45:00+0000
data/prices/15min/FTNT_15min_2024_2026.csv	15min	FTNT	182004	0664	127285159	1783002568570559661	d568a9e943bdcc618f62222dd0dc21cd70f2fb15d0e6f6a96abfb331b43e67f1	2937	2025-12-17T14:30:00+0000	2026-07-02T14:00:00+0000
data/prices/15min/GILD_15min_2024_2025.csv	15min	GILD	807273	0664	127284199	1767112934001580563	3e558f4219dda0a9ad967926c07f8da926d9beeec9f59f75c1c2696e4932fb2c	12861	2024-01-02T14:30:00+0000	2025-12-30T16:15:00+0000
data/prices/15min/GILD_15min_2024_2026.csv	15min	GILD	173288	0664	127284980	1783002569270563721	4903964710528c68fe1613ac0b7e0eee8dfc781d230455b8f46a02652f36503f	2668	2025-12-31T14:30:00+0000	2026-07-02T14:00:00+0000
data/prices/15min/GLXY_15min_2024_2026.csv	15min	GLXY	414140	0664	127285234	1783002570528571013	37b0790e9f681b14436e283b4d068e6723d9215d7b68a2a50749b7dc8017a50f	6765	2025-05-16T13:30:00+0000	2026-07-02T14:00:00+0000
data/prices/15min/GM_15min_2024_2026.csv	15min	GM	943092	0664	127285709	1783002571389576004	31f12f8f1fe28d36898ff91a79f78f05ab3e7c7f3c02642092e63e0843ac6b0a	15870	2024-01-02T14:30:00+0000	2026-07-02T14:00:00+0000
data/prices/15min/GOOGL_15min_2024_2025.csv	15min	GOOGL	858320	0664	127284177	1767112894869437439	9cc21f9829cf109a1447d7b0b24e2ecedf83cc027a87747b379b8f22a3fb0639	12860	2024-01-02T14:30:00+0000	2025-12-30T16:15:00+0000
data/prices/15min/GOOGL_15min_2024_2026.csv	15min	GOOGL	177792	0664	127284957	1783002572745583866	05269bc9f0568125af02769968eaf708755fc943b59e5a6c77c805342b76729e	2666	2025-12-31T14:30:00+0000	2026-07-02T14:00:00+0000
data/prices/15min/GOOG_15min_2024_2025.csv	15min	GOOG	844222	0664	127284178	1767112896276442563	8407b86c62e0c63c7ac8e14f0dba9c9341ba32e34a46d9f8f5b63605c8795a90	12860	2024-01-02T14:30:00+0000	2025-12-30T16:15:00+0000
data/prices/15min/GOOG_15min_2024_2026.csv	15min	GOOG	174851	0664	127284958	1783002572045579808	539abb1884c4131765ed585edec10ebc34378e5bc77523878969ebdcb75711a0	2666	2025-12-31T14:30:00+0000	2026-07-02T14:00:00+0000
data/prices/15min/GRAB_15min_2024_2026.csv	15min	GRAB	907181	0664	127285211	1783002573436587872	45266bbfbb3406bf1491b3edf4ca3f4413427a572f26bd2abf5336ca9228b15e	15672	2024-01-02T14:30:00+0000	2026-07-02T14:00:00+0000
data/prices/15min/HAPN_15min_2024_2026.csv	15min	HAPN	964588	0664	127285285	1783002574127591878	ffba4c109925f0d33eee41ae689db719cd2f99448fb4ad61bd02ad1174209ea5	16200	2024-01-02T14:30:00+0000	2026-07-02T14:00:00+0000
data/prices/15min/IBKR_15min_2024_2026.csv	15min	IBKR	954165	0664	127285196	1783002574811595842	7d95151141ea9f5811877941acd2bf9c42b648cdc2cc85bdb1a865a9172e54fe	15672	2024-01-02T14:30:00+0000	2026-07-02T14:00:00+0000
data/prices/15min/IBM_15min_2024_2026.csv	15min	IBM	1005177	0664	127285427	1783002575501599842	00a39c43b25236906deac5f734227c208dd3a9caa045a56a068503917d6a6f9c	15765	2024-01-02T14:30:00+0000	2026-07-02T14:00:00+0000
data/prices/15min/INCY_15min_2024_2026.csv	15min	INCY	954938	0664	127285218	1783002576188603825	99a46c8ef1984255a5645b24d2389026f800ebcb631c5df594e7be2a5d330ecd	15672	2024-01-02T14:30:00+0000	2026-07-02T14:00:00+0000
data/prices/15min/INTC_15min_2024_2025.csv	15min	INTC	801612	0664	127284106	1767112904937474150	f040760e0b6856c25af47269629950a6908f014fb0bf6730ae6ff9572d081a4d	12860	2024-01-02T14:30:00+0000	2025-12-30T16:15:00+0000
data/prices/15min/INTC_15min_2024_2026.csv	15min	INTC	170041	0664	127284964	1783002576867607762	eb3a24a1ee9b495207439ed83bcacc3a58b433f344f15683a48260287a51e09a	2667	2025-12-31T14:30:00+0000	2026-07-02T14:00:00+0000
data/prices/15min/INTU_15min_2024_2025.csv	15min	INTU	826327	0664	127284193	1767112919240526442	3bccda7f419fea8548671fc84cdd86dde549bf643dc39063f6ed09290f07b0da	12861	2024-01-02T14:30:00+0000	2025-12-30T16:15:00+0000
data/prices/15min/INTU_15min_2024_2026.csv	15min	INTU	172731	0664	127284974	1783002577565611809	be4dffd9f02352e7eceddee3822e080cacc850609d24b90e63ebbd2e5aa8098b	2667	2025-12-31T14:30:00+0000	2026-07-02T14:00:00+0000
data/prices/15min/IONQ_15min_2024_2026.csv	15min	IONQ	954492	0664	127285413	1783002579174621137	14494f0c6b0b4dd13eb90c961841648b80572d60b41929f727e2fb7da9006139	15764	2024-01-02T14:30:00+0000	2026-07-02T14:00:00+0000
data/prices/15min/ISRG_15min_2024_2026.csv	15min	ISRG	1007638	0664	127285222	1783002579866625148	c5491ffcc2ebf0b2ca3e407518d40c4338aebab2b6bcbf51bbe60910a17babda	15672	2024-01-02T14:30:00+0000	2026-07-02T14:00:00+0000
data/prices/15min/JD_15min_2024_2025.csv	15min	JD	1066816	0664	127284236	1765938638265993588	0b769701ade32e54d9d2c1b2590ff5555d5ebb457391a2aba03d7f457c114080	17918	2024-01-02T14:30:00+0000	2025-12-16T20:45:00+0000
data/prices/15min/JD_15min_2024_2026.csv	15min	JD	174632	0664	127285171	1783002580528628986	131e637a24b5b2eca0594aab6accbc84551288a5034dbee1dd0d77814c231226	2938	2025-12-17T14:30:00+0000	2026-07-02T14:00:00+0000
data/prices/15min/KGC_15min_2024_2026.csv	15min	KGC	962544	0664	127285223	1783002581401634050	470116700521f552a0c28781d4f30ea7f8e5de803677101f8a9c63cd8f97563d	15672	2024-01-02T14:30:00+0000	2026-07-02T14:00:00+0000
data/prices/15min/KLAC_15min_2024_2025.csv	15min	KLAC	1151467	0664	127284215	1765936851665945921	86676c96aeb51f235b62b19ad50585221e4b4512072888b3e41fb20353d1d12c	17918	2024-01-02T14:30:00+0000	2025-12-16T20:45:00+0000
data/prices/15min/KLAC_15min_2024_2026.csv	15min	KLAC	199338	0664	127285150	1783002582065637899	72770cc265d56dedb4811fa954c21a9d01648102fbbcd376005b22e1ed6bacdd	2937	2025-12-17T14:30:00+0000	2026-07-02T14:00:00+0000
data/prices/15min/LCID_15min_2024_2025.csv	15min	LCID	1064213	0664	127284243	1765939202378476909	d9b36a5ff8e0fccbb373d7bc06980db4afa5e35597ac775d91ac2c1876a29204	17961	2024-01-02T14:30:00+0000	2025-12-16T20:45:00+0000
data/prices/15min/LCID_15min_2024_2026.csv	15min	LCID	181196	0664	127285178	1783002582766641963	e18d1014213b29d19c3d716019e767b1b1a2ab47302d49a86322fa314c8f5b15	2939	2025-12-17T14:30:00+0000	2026-07-02T14:00:00+0000
data/prices/15min/LC_15min_2024_2026.csv	15min	LC	892858	0664	127285193	1781792680670977891	ecd953ad30d69bfbae675d8e155d26b30eddc2db929d7e6d94c49ef5b8cc8ba2	15530	2024-01-02T14:30:00+0000	2026-06-18T14:00:00+0000
data/prices/15min/LITE_15min_2024_2026.csv	15min	LITE	984204	0664	127285710	1783002583519646329	7f49cfa283ab1787ad2596de0989eebc97dfd6636e5571528f868c4e9b811f36	15870	2024-01-02T14:30:00+0000	2026-07-02T14:00:00+0000
data/prices/15min/LLY_15min_2024_2026.csv	15min	LLY	1003963	0664	127285219	1783002584211650341	39f79d12d7de2a7ced07daf24f74f577f174efbe0c512040abad1c19b2d82056	15672	2024-01-02T14:30:00+0000	2026-07-02T14:00:00+0000
data/prices/15min/LRCX_15min_2024_2025.csv	15min	LRCX	798899	0664	127284188	1767112912190500646	77a51dda2883978f0ef512a421e106fac3dfb10186d5f269e5554efa9227b620	12860	2024-01-02T14:30:00+0000	2025-12-30T16:15:00+0000
data/prices/15min/LRCX_15min_2024_2026.csv	15min	LRCX	173818	0664	127284969	1783002584865654133	fd8bfee395b91505b9030effadd8ad0aedc38917141962d6e6a3a5c32e9b30b9	2667	2025-12-31T14:30:00+0000	2026-07-02T14:00:00+0000
data/prices/15min/MA_15min_2024_2025.csv	15min	MA	804674	0664	127284197	1767112925098547905	5da9e7dbb41d1ea42d131a61caf0de9767b9e4ad7b66c9c4f3508a54730365aa	12861	2024-01-02T14:30:00+0000	2025-12-30T16:15:00+0000
data/prices/15min/MA_15min_2024_2026.csv	15min	MA	167289	0664	127284978	1783002585583658296	074bbfaee5e75901b3a2f38fcac22e8b9794ea412c0dc86858b5d2a2ab2809f2	2667	2025-12-31T14:30:00+0000	2026-07-02T14:00:00+0000
data/prices/15min/MDB_15min_2024_2025.csv	15min	MDB	1135208	0664	127284229	1765938040614684044	94c8c9e57d27983e9e50c8c1d427ed25b31feae50d577bc950dd0ae3ae9153f8	17918	2024-01-02T14:30:00+0000	2025-12-16T20:45:00+0000
data/prices/15min/MDB_15min_2024_2026.csv	15min	MDB	186477	0664	127285164	1783002586301662459	64658ff3edacff4d64e1bcb7babeba85d304765b3ac5b2b565965483a3348d61	2937	2025-12-17T14:30:00+0000	2026-07-02T14:00:00+0000
data/prices/15min/MELI_15min_2024_2025.csv	15min	MELI	1203774	0664	127284234	1765938460685485767	a7b2e109a00d34a207e2debee88f8bb48ac95e48f87fb763a31bf975a3df8fe7	17918	2024-01-02T14:30:00+0000	2025-12-16T20:45:00+0000
data/prices/15min/MELI_15min_2024_2026.csv	15min	MELI	199069	0664	127285169	1783002586978666385	0fa6850ed7e9e1e6c5db78fd3690d8531ee6d2e4734856122f27db0cde75f65a	2938	2025-12-17T14:30:00+0000	2026-07-02T14:00:00+0000
data/prices/15min/META_15min_2024_2025.csv	15min	META	839144	0664	127284181	1767112900698458678	ddddc07511ec06a89435e629a5f1ec12dcec636492d6bccf1722bdb763396b83	12860	2024-01-02T14:30:00+0000	2025-12-30T16:15:00+0000
data/prices/15min/META_15min_2024_2026.csv	15min	META	174288	0664	127284961	1783002587691670519	c6252812af7370f2d6684df039a188d767b4c691be77dc8113e9aa9e021840cf	2666	2025-12-31T14:30:00+0000	2026-07-02T14:00:00+0000
data/prices/15min/MFC_15min_2024_2026.csv	15min	MFC	934786	0664	127285192	1783002588466675014	12a855750a94126db94be306b70b4685d8c81f785d1ed1e43a5f8dbbbefc001d	15672	2024-01-02T14:30:00+0000	2026-07-02T14:00:00+0000
data/prices/15min/MGX_15min_2024_2026.csv	15min	MGX	845385	0664	127285233	1783002589943683580	0e75603591be6f330293ad3e70127fe1b2d80028575bde0c89c0a415d2f95c61	14944	2024-02-09T19:00:00+0000	2026-07-02T14:00:00+0000
data/prices/15min/MRNA_15min_2024_2025.csv	15min	MRNA	798727	0664	127284200	1767112935430585809	4381bcd06a82ff25ea48355028baf788577b2a5f4731c43bee9150b2fc5316c5	12861	2024-01-02T14:30:00+0000	2025-12-30T16:15:00+0000
data/prices/15min/MRNA_15min_2024_2026.csv	15min	MRNA	163288	0664	127284981	1783002590597687371	f552f4e158be7c951e94fe56e9caa4808dcf067e486020720b414df93cea74b3	2668	2025-12-31T14:30:00+0000	2026-07-02T14:00:00+0000
data/prices/15min/MRVL_15min_2024_2025.csv	15min	MRVL	1110996	0664	127284212	1765936605367030715	be8beb24cc379fbdceb2fda0f0d9aedcea48ac956911faf779da2ad5c2b71e20	17918	2024-01-02T14:30:00+0000	2025-12-16T20:45:00+0000
data/prices/15min/MRVL_15min_2024_2026.csv	15min	MRVL	186228	0664	127285147	1783002591680693651	7e72a6ce81236891c32fd23a428a92a8ec5de7ee37565c080d206abea5b26a8b	2937	2025-12-17T14:30:00+0000	2026-07-02T14:00:00+0000
data/prices/15min/MSFT_15min_2024_2025.csv	15min	MSFT	842545	0664	127284176	1767112893452432278	7cf8fc57023e84560dc0b83fa9c4ac5d9d377c465847cba25fc5130bca759383	12860	2024-01-02T14:30:00+0000	2025-12-30T16:15:00+0000
data/prices/15min/MSFT_15min_2024_2026.csv	15min	MSFT	175100	0664	127284956	1783002592573698829	bcd6af2ec8151b08cb45c7d791e12d6007b7b53e9e9e01170dcc65eab6ef6814	2666	2025-12-31T14:30:00+0000	2026-07-02T14:00:00+0000
data/prices/15min/MU_15min_2024_2025.csv	15min	MU	798973	0664	127284186	1767112909207489746	ce0dbd693ab17cb33ba75bef63cdb59f9ec5a00e98a0257c4ade58966006a23b	12860	2024-01-02T14:30:00+0000	2025-12-30T16:15:00+0000
data/prices/15min/MU_15min_2024_2026.csv	15min	MU	170705	0664	127284967	1783002593253702773	a8787c02319745af822a2ba78a77cf4f6c3b7351e537b828e348e6da0db142d9	2667	2025-12-31T14:30:00+0000	2026-07-02T14:00:00+0000
data/prices/15min/MXL_15min_2024_2026.csv	15min	MXL	946665	0664	127283897	1783002594039707332	4f6ad6f3771f9d265277831f70669bf848c362df600d2986318738163a535441	15967	2024-01-02T14:30:00+0000	2026-07-02T14:00:00+0000
data/prices/15min/NBIS_15min_2024_2026.csv	15min	NBIS	651524	0664	127285229	1783002594756711489	16a47559c5b214ff53e899e70b7b09f6b92485a4a152a9557c1f7a8d97b109e4	10433	2024-10-21T13:30:00+0000	2026-07-02T14:00:00+0000
data/prices/15min/NEM_15min_2024_2026.csv	15min	NEM	969776	0664	127285711	1783002595446715492	8aedc0a7399ecf44b4e964b9320f23117ea08049c8ad446241878c4e41ae3cf9	15870	2024-01-02T14:30:00+0000	2026-07-02T14:00:00+0000
data/prices/15min/NET_15min_2024_2025.csv	15min	NET	1108467	0664	127284226	1765937798234106924	57ae3bfcd98886e8b27928fb41132b19ce6360b18c98eb5da12f65408cd65464	17918	2024-01-02T14:30:00+0000	2025-12-16T20:45:00+0000
data/prices/15min/NET_15min_2024_2026.csv	15min	NET	187185	0664	127285161	1783002596100719284	a794f9b1b8624beae9c30ab4d371c5b3207f07cd409b5ce74524eb7fd53e002e	2938	2025-12-17T14:30:00+0000	2026-07-02T14:00:00+0000
data/prices/15min/NEXA_15min_2024_2026.csv	15min	NEXA	874177	0664	127285945	1783002596810723401	4327d13ae1e16b6b58b92834cad07e31437ec3f93a94c39afeb8d79614ef100d	15839	2024-01-02T14:30:00+0000	2026-07-02T14:00:00+0000
data/prices/15min/NFLX_15min_2024_2025.csv	15min	NFLX	1129048	0664	127284204	1765935940569595870	c142b742329301a0881528cbe66b97ce01bdc0f016ab98806b47c14f7a57592a	17918	2024-01-02T14:30:00+0000	2025-12-16T20:45:00+0000
data/prices/15min/NFLX_15min_2024_2026.csv	15min	NFLX	182530	0664	127285139	1783002597466727206	95f782db5d045da1b8cb5a9a028336bd3d2d1ff54d4d0dcb9a16b35582893b7c	2938	2025-12-17T14:30:00+0000	2026-07-02T14:00:00+0000
data/prices/15min/NOW_15min_2024_2025.csv	15min	NOW	821584	0664	127284191	1767112916381515977	e0a72eb9626c7a298e4abe67e423909022a5b7ad5864bdb70bf71f87239798b0	12861	2024-01-02T14:30:00+0000	2025-12-30T16:15:00+0000
data/prices/15min/NOW_15min_2024_2026.csv	15min	NOW	169469	0664	127284972	1783002598165731259	54a2245cfad41ea1e63be3e0d53ddfb8ff8e6b459c904c708e17ac8f978dcd7c	2668	2025-12-31T14:30:00+0000	2026-07-02T14:00:00+0000
data/prices/15min/NVDA_15min_2024_2025.csv	15min	NVDA	848071	0664	127284180	1767112899318453648	977fbf111c7e2825ce5fe4a8b797795f490bf8f3cf4c150d13ebd386cb8640c0	12860	2024-01-02T14:30:00+0000	2025-12-30T16:15:00+0000
data/prices/15min/NVDA_15min_2024_2026.csv	15min	NVDA	177635	0664	127284960	1783002599255737581	5b1ef9e9284b83be6dfbde6bb1a966a41e560f35f5ba782d3ec3708797f5467e	2667	2025-12-31T14:30:00+0000	2026-07-02T14:00:00+0000
data/prices/15min/NXPI_15min_2024_2025.csv	15min	NXPI	1156828	0664	127284214	1765936780680681767	cc75ff354d271e3e8e58fd095f1bf7a13b769b2a4acd2d0cda0984af1e8fe41c	17918	2024-01-02T14:30:00+0000	2025-12-16T20:45:00+0000
data/prices/15min/NXPI_15min_2024_2026.csv	15min	NXPI	189749	0664	127285149	1783002599941741559	e0dc11a6ccda54f919f3b56b76a8c60fb0acc187b0b9569e9d904920f0043d35	2938	2025-12-17T14:30:00+0000	2026-07-02T14:00:00+0000
data/prices/15min/OKTA_15min_2024_2025.csv	15min	OKTA	1098864	0664	127284225	1765937691290427264	e8ede8d59d14c49bb40c66d18992fa9f6e742ba9f689acde7a951cb177c807f0	17918	2024-01-02T14:30:00+0000	2025-12-16T20:45:00+0000
data/prices/15min/OKTA_15min_2024_2026.csv	15min	OKTA	179816	0664	127285160	1783002600633745572	f3155994c94e4be3d93a12e8d0209d6477d29dd0931a763cd5fa298d482708c6	2938	2025-12-17T14:30:00+0000	2026-07-02T14:00:00+0000
data/prices/15min/ON_15min_2024_2025.csv	15min	ON	1059472	0664	127284213	1765936682239315955	4981105f2489cb9f6115aeed693f3b62cdfa51fa2c8ffbdd7f045d7c8d1ad288	17918	2024-01-02T14:30:00+0000	2025-12-16T20:45:00+0000
data/prices/15min/ON_15min_2024_2026.csv	15min	ON	177105	0664	127285148	1783002601372749859	f99bbfe9f98be85a1c187109add7921644abd3bd29831063ea8d321b84728677	2938	2025-12-17T14:30:00+0000	2026-07-02T14:00:00+0000
data/prices/15min/ORCL_15min_2024_2025.csv	15min	ORCL	839676	0664	127284192	1767112917789521128	09406325eb717f710d05b6cf9d5f4f3b81c72f683aeb11459e5da3f3068b9577	12861	2024-01-02T14:30:00+0000	2025-12-30T16:15:00+0000
data/prices/15min/ORCL_15min_2024_2026.csv	15min	ORCL	175119	0664	127284973	1783002602046753767	cd5d4802bb173dfd865a7a2d121b0ee638dbedfa4b05083de4b6f05791d26a93	2668	2025-12-31T14:30:00+0000	2026-07-02T14:00:00+0000
data/prices/15min/PANW_15min_2024_2025.csv	15min	PANW	834172	0664	127284194	1767112920674531692	be1fd1d7b1ca5c1e280ae81496f5ee2fb6be9da0e37b10d5bf1a224f0a2624f9	12861	2024-01-02T14:30:00+0000	2025-12-30T16:15:00+0000
data/prices/15min/PANW_15min_2024_2026.csv	15min	PANW	173639	0664	127284975	1783002602722757689	5c63ef40999287eafd9a44ffb556674fc75890bd21db7373ea2b5b6c7ee8680b	2668	2025-12-31T14:30:00+0000	2026-07-02T14:00:00+0000
data/prices/15min/PARR_15min_2024_2026.csv	15min	PARR	945049	0664	127285226	1783002603445761881	a98ac5062790c0b23b6124bbd42fcd4af49a7220540636067ed847d43bfbf7b2	15673	2024-01-02T14:30:00+0000	2026-07-02T14:00:00+0000
data/prices/15min/PATH_15min_2024_2025.csv	15min	PATH	1101970	0664	127284231	1765938218251397818	c8d0888c7fa3bbb575c37166331afda689e436092e5cd741ec9a94844981c160	17918	2024-01-02T14:30:00+0000	2025-12-16T20:45:00+0000
data/prices/15min/PATH_15min_2024_2026.csv	15min	PATH	181654	0664	127285166	1783002604605768611	2bea732e5828ebf13537db8fe942b373eda9e69b9b20322ba773b5d78e43f0f8	2938	2025-12-17T14:30:00+0000	2026-07-02T14:00:00+0000
data/prices/15min/PDD_15min_2024_2025.csv	15min	PDD	1140185	0664	127284235	1765938531366523665	48f5abbfaf0a1be9350d1c1ed076ae354f2c171230ac434dc804ea45a46719ea	17918	2024-01-02T14:30:00+0000	2025-12-16T20:45:00+0000
data/prices/15min/PDD_15min_2024_2026.csv	15min	PDD	183999	0664	127285170	1783002605310772699	f20f4bd3cf7dd16bc8c9677b0b29055732e3ff2d63f3fe90c43c282897ce2d43	2939	2025-12-17T14:30:00+0000	2026-07-02T14:00:00+0000
data/prices/15min/PINS_15min_2024_2025.csv	15min	PINS	1100382	0664	127284208	1765936262223764800	ebdf1e8fced747f64d5ee04edcf77eb68683d1d05ff5c55bb59b1a14dd3fb3bf	17918	2024-01-02T14:30:00+0000	2025-12-16T20:45:00+0000
data/prices/15min/PINS_15min_2024_2026.csv	15min	PINS	181157	0664	127285143	1783002606144777537	c16ffb61f306c400a2cff9ddadc1f4e27fe8e3123d435a02f8c1eae33746a968	2938	2025-12-17T14:30:00+0000	2026-07-02T14:00:00+0000
data/prices/15min/PLTR_15min_2024_2025.csv	15min	PLTR	1161530	0664	127284230	1765938111382253922	5cb51a09de3f15083bc5d921ea2e391b1468712c269d7ca6f52e9f8ebfc6f35a	17909	2024-01-02T14:30:00+0000	2025-12-16T20:45:00+0000
data/prices/15min/PLTR_15min_2024_2026.csv	15min	PLTR	193844	0664	127285165	1783002606818781447	75f1f4f8969e59d333ac4a00ae37de38ef02a1a743eb867d4c4a2c5c2d0376d3	2938	2025-12-17T14:30:00+0000	2026-07-02T14:00:00+0000
data/prices/15min/PLUG_15min_2024_2025.csv	15min	PLUG	1089819	0664	127284246	1765939478370219417	5c422bfb19b42e06624c287875da5c86b03f0a911130c3cea8875541618f7282	17918	2024-01-02T14:30:00+0000	2025-12-16T20:45:00+0000
data/prices/15min/PLUG_15min_2024_2026.csv	15min	PLUG	178626	0664	127285181	1783002607721786684	8b09af05e0b991dfcc10457ffe9431d7cc17f2f08b76b86411b86c032617133d	2940	2025-12-17T14:30:00+0000	2026-07-02T14:00:00+0000
data/prices/15min/POOL_15min_2024_2026.csv	15min	POOL	998679	0664	127285228	1783002608473791045	2b76d8729e04ea6f59495be91cffed9749857111d57d984764d4be9858241291	15674	2024-01-02T14:30:00+0000	2026-07-02T14:00:00+0000
data/prices/15min/POWL_15min_2024_2026.csv	15min	POWL	991804	0664	127285198	1783002609191795209	cfd20bcbf222d54eaed0d3677b2578a5038bbe3107a16d8146bfef54f4c57a88	15673	2024-01-02T14:30:00+0000	2026-07-02T14:00:00+0000
data/prices/15min/PPC_15min_2024_2026.csv	15min	PPC	928346	0664	127285210	1783002609948799599	82293d79209250924425c054dee62a6c30085b067d6039626dfc7958776423ff	15673	2024-01-02T14:30:00+0000	2026-07-02T14:00:00+0000
data/prices/15min/PYPL_15min_2024_2025.csv	15min	PYPL	790978	0664	127284195	1767112922119536984	107264c3bead15c4dc7a8285dab84576a620b06bca23c74701e55210bea3be22	12861	2024-01-02T14:30:00+0000	2025-12-30T16:15:00+0000
data/prices/15min/PYPL_15min_2024_2026.csv	15min	PYPL	164502	0664	127284976	1783002610605803409	46c405f0c401ebefd2213b301e5d41dd0b3aac9fd5f0f816743fce54d1b51a83	2668	2025-12-31T14:30:00+0000	2026-07-02T14:00:00+0000
data/prices/15min/QBTS_15min_2024_2026.csv	15min	QBTS	984198	0664	127285415	1783002611427808176	812ae56dbb0818e9090e58ba3fdc372acd599a9721607e0b4b87c3b56b04d38d	15766	2024-01-02T14:30:00+0000	2026-07-02T14:00:00+0000
data/prices/15min/QCOM_15min_2024_2025.csv	15min	QCOM	836964	0664	127284185	1767112907812484649	22f46387003aca98ba68df8007805864eb3055b57422e66e5a6181c1635b0e45	12860	2024-01-02T14:30:00+0000	2025-12-30T16:15:00+0000
data/prices/15min/QCOM_15min_2024_2026.csv	15min	QCOM	174400	0664	127284966	1783002612108812126	721260689c049ea64bae258d228af34f6d117d3c603b22194f0c3d38529c2054	2668	2025-12-31T14:30:00+0000	2026-07-02T14:00:00+0000
data/prices/15min/QQQ_15min_2024_2025.csv	15min	QQQ	835711	0664	127284202	1767112938712597868	af76a71c6aacc40c1d8e425a1ae45bee11c14761928ebc1359f7bc578a61f8e8	12861	2024-01-02T14:30:00+0000	2025-12-30T16:15:00+0000
data/prices/15min/QQQ_15min_2024_2026.csv	15min	QQQ	174053	0664	127284983	1783002612846816407	8e0de469615399bada43178c0f3b2e382b22ddd5dd71115c48d555ebb76d20f1	2669	2025-12-31T14:30:00+0000	2026-07-02T14:00:00+0000
data/prices/15min/QTWO_15min_2024_2026.csv	15min	QTWO	942572	0664	127285188	1783002613559820541	10f10fff7ba810bcfb7fd50f632e08e639e291dbb63fbef57b057a5e6439f992	15673	2024-01-02T14:30:00+0000	2026-07-02T14:00:00+0000
data/prices/15min/RBLX_15min_2024_2025.csv	15min	RBLX	1112441	0664	127284240	1765938951396790660	f23adbd4c93db3e0f62896acc771bea62fdf3031ef74b0ba7b509b082e9fa47c	17918	2024-01-02T14:30:00+0000	2025-12-16T20:45:00+0000
data/prices/15min/RBLX_15min_2024_2026.csv	15min	RBLX	180526	0664	127285175	1783002614882828217	dbe6c8a9673cd820c5060414a73d126091ffe421a3cc941fbb6cc6dfcc72fb17	2940	2025-12-17T14:30:00+0000	2026-07-02T14:00:00+0000
data/prices/15min/RCL_15min_2024_2026.csv	15min	RCL	995842	0664	127285206	1783002615626832533	4358c06f3588d1846e304068213ceb8e32a989e50ed5c9f6ba3be4214c53f88f	15673	2024-01-02T14:30:00+0000	2026-07-02T14:00:00+0000
data/prices/15min/REGN_15min_2024_2025.csv	15min	REGN	829491	0664	127284201	1767112937102591951	159e2548ab8f5b31319079ba8357caef1f43f7ea1f61b2b125c952b128a7de56	12861	2024-01-02T14:30:00+0000	2025-12-30T16:15:00+0000
data/prices/15min/REGN_15min_2024_2026.csv	15min	REGN	170824	0664	127284982	1783002616282836337	b1c141152e41cfd3c7f29400908a696e1c9f6f88573e6b036aac0bc9593e0829	2669	2025-12-31T14:30:00+0000	2026-07-02T14:00:00+0000
data/prices/15min/RGTI_15min_2024_2026.csv	15min	RGTI	990200	0664	127285414	1783002617056840827	6c5bc6b3e5b53f605514369c925959eb58924f6b4e50c1b8c16efa9b9799d9f9	15765	2024-01-02T14:30:00+0000	2026-07-02T14:00:00+0000
data/prices/15min/RIVN_15min_2024_2025.csv	15min	RIVN	1107804	0664	127284242	1765939125452677682	c5e5333ee2f4fa071b6b675a7a207f8aad5fa20c0db81cd4f2237cfc05389ac0	17918	2024-01-02T14:30:00+0000	2025-12-16T20:45:00+0000
data/prices/15min/RIVN_15min_2024_2026.csv	15min	RIVN	181962	0664	127285177	1783002617711844627	95d28ec2539028d8492abb7b3a80ca88c889f55ddbfd871f210a322fa99238b7	2940	2025-12-17T14:30:00+0000	2026-07-02T14:00:00+0000
data/prices/15min/RKLB_15min_2024_2026.csv	15min	RKLB	947191	0664	127285230	1783002618663850150	1658d7b1903251e47fe7414aec8e9b54e1aa0d6e8b7a37e6224104415265d318	15674	2024-01-02T14:30:00+0000	2026-07-02T14:00:00+0000
data/prices/15min/SFM_15min_2024_2026.csv	15min	SFM	961957	0664	127285214	1783002620028858069	991f657022cd21930bab3d69036978b6eefe49180dc2bc16f551899b8af441f8	15673	2024-01-02T14:30:00+0000	2026-07-02T14:00:00+0000
data/prices/15min/SKYW_15min_2024_2026.csv	15min	SKYW	956618	0664	127285200	1783002620714862048	ff99f2eed0a8ebee04423dc95a2a7bdcff8d5642c76183f010395c0abaf8f686	15673	2024-01-02T14:30:00+0000	2026-07-02T14:00:00+0000
data/prices/15min/SMCI_15min_2024_2025.csv	15min	SMCI	1114995	0664	127284221	1765937378214911573	9183ac8b43cf5da20d223616f3eca9d2789d6b725e4fb0895900df07e533f0c6	17970	2024-01-02T14:30:00+0000	2025-12-16T20:45:00+0000
data/prices/15min/SMCI_15min_2024_2026.csv	15min	SMCI	181952	0664	127285156	1783002621374865877	d518079a8b71a0400b9e74accb507ce42bc0f946d8f0cc9d6fede92baa569169	2938	2025-12-17T14:30:00+0000	2026-07-02T14:00:00+0000
data/prices/15min/SNAP_15min_2024_2025.csv	15min	SNAP	1077049	0664	127284207	1765936185328483444	63d35c3a3e83b79f12915d5ef2cabb7650b5b43dd69422942ccf8202a9610951	17918	2024-01-02T14:30:00+0000	2025-12-16T20:45:00+0000
data/prices/15min/SNAP_15min_2024_2026.csv	15min	SNAP	170967	0664	127285142	1783002622080869972	c5ef75bb48f952157a08f8e90344880f6b280babe96a8592edf10deaa01181cb	2938	2025-12-17T14:30:00+0000	2026-07-02T14:00:00+0000
data/prices/15min/SNDK_15min_2024_2026.csv	15min	SNDK	553570	0664	127284284	1783002622820874264	ccc823bdec03f27bbd0cf485b3dc4f7cbf60178f69d9372c64f5ffbc32492f5a	8725	2025-02-13T14:30:00+0000	2026-07-02T14:00:00+0000
data/prices/15min/SNEX_15min_2024_2026.csv	15min	SNEX	968320	0664	127285075	1783002623520878324	c07cda06792939ef7607a4298b70d7ef0284e00cb5d957b649e3307b57d2c69d	16138	2024-01-02T14:30:00+0000	2026-07-02T14:00:00+0000
data/prices/15min/SNOW_15min_2024_2025.csv	15min	SNOW	1163009	0664	127284228	1765937942485270107	7b5ad86b4abedcdd3b1f33761320c72be8fcab7c24964422077c42579be09520	17918	2024-01-02T14:30:00+0000	2025-12-16T20:45:00+0000
data/prices/15min/SNOW_15min_2024_2026.csv	15min	SNOW	190838	0664	127285163	1783002624278882722	a43c61664a75d3162fafed4c86c239d92e4a3e02be07f31362d976109766b171	2938	2025-12-17T14:30:00+0000	2026-07-02T14:00:00+0000
data/prices/15min/SPOT_15min_2024_2025.csv	15min	SPOT	1153942	0664	127284209	1765936360566126147	09267a6d3a96a0500e51f8553d44e433037e7cea26d63be13e41da2234dd7f45	17918	2024-01-02T14:30:00+0000	2025-12-16T20:45:00+0000
data/prices/15min/SPOT_15min_2024_2026.csv	15min	SPOT	189683	0664	127285144	1783002624984886817	19157611a47a3fd8d09a3aac1ff7df84ac2c5669a54b0a2e55d1fb3121b26933	2938	2025-12-17T14:30:00+0000	2026-07-02T14:00:00+0000
data/prices/15min/SPY_15min_2024_2025.csv	15min	SPY	838342	0664	127284203	1767112940295603686	010db1183bb9d832e57e1508980d46078521769c0a0522120781597e23b2c6a6	12861	2024-01-02T14:30:00+0000	2025-12-30T16:15:00+0000
data/prices/15min/SPY_15min_2024_2026.csv	15min	SPY	174379	0664	127284984	1783002626200893870	481af5d4fc59e6d19422e85c8f1237cbaff520e64756f77992685ea3b871d113	2669	2025-12-31T14:30:00+0000	2026-07-02T14:00:00+0000
data/prices/15min/SSRM_15min_2024_2026.csv	15min	SSRM	928569	0664	127285225	1783002626960898278	a9bf50eab488e0416e8cc2b25b3905d93ce924f17556d711993a316bf4f99131	15673	2024-01-02T14:30:00+0000	2026-07-02T14:00:00+0000
data/prices/15min/STRL_15min_2024_2026.csv	15min	STRL	992841	0664	127285197	1783002627651902286	8dd2bfa2a7bf489068608b473127ed93b46a6837a50b4975d767edc566d56342	15673	2024-01-02T14:30:00+0000	2026-07-02T14:00:00+0000
data/prices/15min/SYF_15min_2024_2026.csv	15min	SYF	937010	0664	127285191	1783002628344906304	d4b3b71062f60f5e53621616499c2eb1da85d843564176e969c1f5950b5e4fa1	15673	2024-01-02T14:30:00+0000	2026-07-02T14:00:00+0000
data/prices/15min/TIGO_15min_2024_2026.csv	15min	TIGO	947521	0664	127285712	1783002629028910275	5adfae88e75ec0438287a2ffe2c524725f470dcf81acb0e7087395fcd093db85	15872	2024-01-02T14:30:00+0000	2026-07-02T14:00:00+0000
data/prices/15min/TMUS_15min_2024_2025.csv	15min	TMUS	1160110	0664	127284247	1765939545471863669	ca80c9e908720e2346f38ae3dfaa678799e375c0c805fbb0699950f5355a8027	17918	2024-01-02T14:30:00+0000	2025-12-16T20:45:00+0000
data/prices/15min/TMUS_15min_2024_2026.csv	15min	TMUS	190748	0664	127285182	1783002629682914070	1bf96d775167061a42d1a4e339386ad46ecb9017302b41b48d87e8e39f9c23f3	2941	2025-12-17T14:30:00+0000	2026-07-02T14:15:00+0000
data/prices/15min/TSLA_15min_2024_2025.csv	15min	TSLA	853386	0664	127284182	1767112902060463651	11e563c2ed21f51c8686de2ab782ae03b902a66cb98118373479a38a83ec534e	12860	2024-01-02T14:30:00+0000	2025-12-30T16:15:00+0000
data/prices/15min/TSLA_15min_2024_2026.csv	15min	TSLA	176825	0664	127284962	1783002630377918101	e5098a067a74a0993e13000d143a46b09bbb5104a33a8c8e5ee8e9090e396aa1	2669	2025-12-31T14:30:00+0000	2026-07-02T14:15:00+0000
data/prices/15min/TSM_15min_2024_2025.csv	15min	TSM	1154994	0664	127284219	1765937200706248005	e6117c87588b54d634f8f6115feb5614ece8d0dcecc77d8c94ddf99dddbb2194	17918	2024-01-02T14:30:00+0000	2025-12-16T20:45:00+0000
data/prices/15min/TSM_15min_2024_2026.csv	15min	TSM	189266	0664	127285154	1783002631188922174	fd6ed6a0034cd8176d14539d692f564326933295c4b3a5b0192f6ac317e2be30	2939	2025-12-17T14:30:00+0000	2026-07-02T14:15:00+0000
data/prices/15min/TTMI_15min_2024_2026.csv	15min	TTMI	950038	0664	127285187	1783002631950924337	3f75a6cd7bc2870e91fcb2f19484c7240fcbbb9401a622cdf4f220671965e5e8	15674	2024-01-02T14:30:00+0000	2026-07-02T14:15:00+0000
data/prices/15min/TTWO_15min_2024_2025.csv	15min	TTWO	1153446	0664	127284239	1765938880637985146	8984953060ec95aebadbaca02c77282b42dc48c01f998f359b233a2ad3524a75	17918	2024-01-02T14:30:00+0000	2025-12-16T20:45:00+0000
data/prices/15min/TTWO_15min_2024_2026.csv	15min	TTWO	189347	0664	127285174	1783002632608926207	8544565494e7a779c937200eeb0a79e5782e3f46168ca8bc18d7c72508bf0e33	2941	2025-12-17T14:30:00+0000	2026-07-02T14:15:00+0000
data/prices/15min/TWLO_15min_2024_2025.csv	15min	TWLO	1120350	0664	127284232	1765938285359625135	320996f9cfea49f33b45739ff6cf670b726ce96d6a0479aa236dc64b22b1e3ae	17918	2024-01-02T14:30:00+0000	2025-12-16T20:45:00+0000
data/prices/15min/TWLO_15min_2024_2026.csv	15min	TWLO	189830	0664	127285167	1783002633324928245	f9edf577317e86daa905b55867efae554ee870120c44c0cdaa9e990fe0d7690e	2940	2025-12-17T14:30:00+0000	2026-07-02T14:15:00+0000
data/prices/15min/TXN_15min_2024_2025.csv	15min	TXN	1144442	0664	127284217	1765937025381593415	933d237ec93c4d637c7acc8695fa7f6c8a7be224b4d0873391588002e84eeecf	17918	2024-01-02T14:30:00+0000	2025-12-16T20:45:00+0000
data/prices/15min/TXN_15min_2024_2026.csv	15min	TXN	187958	0664	127285152	1783002634042930291	d7808aa80d6c097b682a9afff381a9746696ad413e69688caed8c6b97de9718a	2939	2025-12-17T14:30:00+0000	2026-07-02T14:15:00+0000
data/prices/15min/UBER_15min_2024_2025.csv	15min	UBER	1105113	0664	127284205	1765936011307850812	f79d737e5b9a5a328ae70b9072ae4501ceace7439d2f866487eecab15b341673	17918	2024-01-02T14:30:00+0000	2025-12-16T20:45:00+0000
data/prices/15min/UBER_15min_2024_2026.csv	15min	UBER	181155	0664	127285140	1783002634727932244	9bc0f77296aed6c926851449ab925425fc0aa8e2c9a1d8bc08fc0117ae90f75d	2939	2025-12-17T14:30:00+0000	2026-07-02T14:15:00+0000
data/prices/15min/UNFI_15min_2024_2026.csv	15min	UNFI	938689	0664	127285209	1783002635487934415	31a66a123cd1cd17200e43f4160ad57d031c13e695e06a2da2ea8ae15c6b228d	15674	2024-01-02T14:30:00+0000	2026-07-02T14:15:00+0000
data/prices/15min/UNH_15min_2024_2026.csv	15min	UNH	1001682	0664	127285220	1783002636178936390	c6f06cf7b9ca5bfac0805199ee3f56282d0be1e63ebf628fc127ab86c194db6f	15674	2024-01-02T14:30:00+0000	2026-07-02T14:15:00+0000
data/prices/15min/VISN_15min_2024_2026.csv	15min	VISN	951604	0664	127285251	1783002637572940384	461c58478aafd5e1e5f73b7f7020cc4fe4d7824adff1b46d922d0c5cd56284d4	15694	2024-01-02T14:30:00+0000	2026-07-02T14:15:00+0000
data/prices/15min/V_15min_2024_2025.csv	15min	V	796045	0664	127284196	1767112923622542494	ceb4f581419f1b203a114e4b4d94966a41ce0e54208e249f5caf6e61e7843642	12861	2024-01-02T14:30:00+0000	2025-12-30T16:15:00+0000
data/prices/15min/V_15min_2024_2026.csv	15min	V	166088	0664	127284977	1783002636831938260	49d8d681161c951806907e1585d9dfe4d9b1216cbffd0dd1c777c0cf571c10af	2669	2025-12-31T14:30:00+0000	2026-07-02T14:15:00+0000
data/prices/15min/WFC_15min_2024_2026.csv	15min	WFC	950158	0664	127285189	1783002638967944390	844438818613f35f68591fa90db24610a16ccaab8376587996022dbecc25f818	15674	2024-01-02T14:30:00+0000	2026-07-02T14:15:00+0000
data/prices/15min/WLDN_15min_2024_2026.csv	15min	WLDN	958413	0664	127285201	1783002639652946358	aa4ba4a8c2eeb252a3df56a05f64f2b70f0094558fa37528aef267eff2d834ba	15659	2024-01-02T14:45:00+0000	2026-07-02T14:15:00+0000
data/prices/15min/W_15min_2024_2026.csv	15min	W	911714	0664	127285204	1783002638259942355	aae51bf0257c54f8abf730d204eb06a1c86334e781a4e33eb9ee178cfe97971b	15674	2024-01-02T14:30:00+0000	2026-07-02T14:15:00+0000
data/prices/15min/XYZ_15min_2024_2026.csv	15min	XYZ	945207	0664	127285250	1783002640337948332	be9ed9534268b6e70c0ce4c238e5fa695f8bfc1809531a99d7d630570ddfecad	15692	2024-01-02T14:30:00+0000	2026-07-02T14:15:00+0000
data/prices/15min/ZETA_15min_2024_2026.csv	15min	ZETA	953966	0664	127285227	1783002641212950854	ea8bd7fbd35197be7ee68dd1836864b2841d61c96d5b64d49a36d37263779ce2	15674	2024-01-02T14:30:00+0000	2026-07-02T14:15:00+0000
data/prices/15min/ZM_15min_2024_2025.csv	15min	ZM	1052169	0664	127284210	1765936431253386761	bc1362b30454d35a45fb28b7df0de99a424ae03656aed7b8bb30b8ddb2714d97	17918	2024-01-02T14:30:00+0000	2025-12-16T20:45:00+0000
data/prices/15min/ZM_15min_2024_2026.csv	15min	ZM	174778	0664	127285145	1783002641867952745	53ed9f1b206df9a5543de6b2bde116b37169cd0e47aa7ffde7a1686fabda92ba	2939	2025-12-17T14:30:00+0000	2026-07-02T14:15:00+0000
data/prices/15min/ZS_15min_2024_2025.csv	15min	ZS	1118544	0664	127284223	1765937522252450448	94babacf901c8ac75c6bcb939358a4a9d5dc96bec531546bbc2b9a263f54631a	17918	2024-01-02T14:30:00+0000	2025-12-16T20:45:00+0000
data/prices/15min/ZS_15min_2024_2026.csv	15min	ZS	184162	0664	127285158	1783002642733955250	2eeabd72bbc7ccf2b7f263b85b0bc8f377244cde9d4afebd1c8d61fae137bf70	2939	2025-12-17T14:30:00+0000	2026-07-02T14:15:00+0000
data/prices/collection_summary.json	summary	-	2656	0664	127284249	1783031450215661364	957ed94dc9aa248c39b8c59e0fcb95a59388c78db545409c320ea855a87bf4fb	0	-	-
data/prices/hourly/AAPL_hourly_2023.csv	hourly	AAPL	116251	0664	127284034	1765932458834720401	1e275fc55b7c0d443249ae495495d0b7f0c22fa273fd9ba8fa662a0cee5f8207	1744	2023-01-03T14:30:00+0000	2023-12-29T20:00:00+0000
data/prices/hourly/ABNB_hourly_2023.csv	hourly	ABNB	114179	0664	127284132	1765932830381027700	ac567fab15affe53c2aaf0733a4f0ca9f164a4ae3320311c5cdebed1308c9b28	1744	2023-01-03T14:30:00+0000	2023-12-29T20:00:00+0000
data/prices/hourly/ADBE_hourly_2023.csv	hourly	ADBE	113810	0664	127284116	1765932644124881787	02b5937b3d4c1704b1b2978a3818f40574c0f51d5f014d7ee85d5b5b27a179ac	1744	2023-01-03T14:30:00+0000	2023-12-29T20:00:00+0000
data/prices/hourly/ADI_hourly_2023.csv	hourly	ADI	112375	0664	127284144	1765932986227974629	875d0390b95e27418501a0c4faf45aa4cee7b8a885b30b6d5c3547b5e2b6d2e5	1744	2023-01-03T14:30:00+0000	2023-12-29T20:00:00+0000
data/prices/hourly/AMAT_hourly_2023.csv	hourly	AMAT	114373	0664	127284113	1765932602221621288	b6a0612b613adfa70e16f06d49d9a208cdac6c8e4a3fdfa09f8c921ed1e90a21	1744	2023-01-03T14:30:00+0000	2023-12-29T20:00:00+0000
data/prices/hourly/AMD_hourly_2023.csv	hourly	AMD	111823	0664	127284108	1765932542071245277	ea66d2f8b6076d3950c6497989498267615e49653442a114d3966cc6ac733a7f	1744	2023-01-03T14:30:00+0000	2023-12-29T20:00:00+0000
data/prices/hourly/AMGN_hourly_2023.csv	hourly	AMGN	113695	0664	127284124	1765932746172511774	0db550d3107cf8d3f2ede6c8df7d3a6aac9a9eaeebdd6c95cdbe7d22626809a5	1744	2023-01-03T14:30:00+0000	2023-12-29T20:00:00+0000
data/prices/hourly/AMZN_hourly_2023.csv	hourly	AMZN	114900	0664	127284103	1765932506090019061	b43876192d3c7d9da5e53751e43721f558392528a24025a377ea42b435652d0a	1744	2023-01-03T14:30:00+0000	2023-12-29T20:00:00+0000
data/prices/hourly/ARM_hourly_2023.csv	hourly	ARM	31493	0664	127284146	1765933000433060503	3ba7ab578b9e6e35b98ec1ae634cc1a5c55ee7a28354983b91dddfcd73928d7c	519	2023-09-14T16:00:00+0000	2023-12-29T20:00:00+0000
data/prices/hourly/ASML_hourly_2023.csv	hourly	ASML	112602	0664	127284142	1765932950442757982	fdb607a85e0449dcc611cf6d50eba8811692513d396018963d24a46fdda3b8e1	1744	2023-01-03T14:30:00+0000	2023-12-29T20:00:00+0000
data/prices/hourly/AVGO_hourly_2023.csv	hourly	AVGO	108558	0664	127284110	1765932578695474542	4fee59368c8a5e6b2045207d283db98ef04ed35194341a2bc625870038b6e64c	1744	2023-01-03T14:30:00+0000	2023-12-29T20:00:00+0000
data/prices/hourly/BKNG_hourly_2023.csv	hourly	BKNG	118352	0664	127284163	1765933190382203447	c39a00f50b54f3e1e3494ca697a3a7a4e4169299d4bd7ecf8963bab2fd82cf07	1744	2023-01-03T14:30:00+0000	2023-12-29T20:00:00+0000
data/prices/hourly/CRM_hourly_2023.csv	hourly	CRM	112688	0664	127284115	1765932638560847261	ab01bb293f88ec2a0cde352da6a30d5015b444d330a5fe4586f641bc20ed1734	1744	2023-01-03T14:30:00+0000	2023-12-29T20:00:00+0000
data/prices/hourly/CRWD_hourly_2023.csv	hourly	CRWD	113991	0664	127284148	1765933010376120573	ce816e4af2fec6e144a7752ef47f7cbc9186257adc1df0e4886512be9cadb5a2	1744	2023-01-03T14:30:00+0000	2023-12-29T20:00:00+0000
data/prices/hourly/CSCO_hourly_2023.csv	hourly	CSCO	108704	0664	127284174	1765933322191991740	a0e4aa8e0bf68c56b5321c1d91ebc085c1a1a19fd6a9e198280a1a97f4182fc1	1744	2023-01-03T14:30:00+0000	2023-12-29T20:00:00+0000
data/prices/hourly/DDOG_hourly_2023.csv	hourly	DDOG	109049	0664	127284153	1765933070874485456	238082b8e2ad19690aabbdc3d10c92996615ea89eb1980a31164d2031435df1f	1744	2023-01-03T14:30:00+0000	2023-12-29T20:00:00+0000
data/prices/hourly/DKNG_hourly_2023.csv	hourly	DKNG	108391	0664	127284167	1765933244376526771	806062a60a6671f794a3b53300100a5f900dd01f1fe146e4f6df6fed45e15f37	1744	2023-01-03T14:30:00+0000	2023-12-29T20:00:00+0000
data/prices/hourly/DOCU_hourly_2023.csv	hourly	DOCU	107367	0664	127284137	1765932890349393103	68315fb2268c7e02de15d45bacc0568b1ecd19a1324bb4dbb3427640c42b09ae	1744	2023-01-03T14:30:00+0000	2023-12-29T20:00:00+0000
data/prices/hourly/EA_hourly_2023.csv	hourly	EA	110053	0664	127284164	1765933202177274128	903ffbbe4ae5ebe08870e3124470c4706c5f0fd78df63e0cd6f7f8ab1c2aa2de	1744	2023-01-03T14:30:00+0000	2023-12-29T20:00:00+0000
data/prices/hourly/EBAY_hourly_2023.csv	hourly	EBAY	107613	0664	127284159	1765933142197914383	154b42882dea5f980eeea20fc181dd2a338d345f34778bf73664bc21c044227b	1744	2023-01-03T14:30:00+0000	2023-12-29T20:00:00+0000
data/prices/hourly/ENPH_hourly_2023.csv	hourly	ENPH	113433	0664	127284170	1765933298077847762	ebe1ec7e5c9ba6572011ca4aa04bb5007c05d3f80e6a193e00d6838df1fd2c79	1744	2023-01-03T14:30:00+0000	2023-12-29T20:00:00+0000
data/prices/hourly/FSLR_hourly_2023.csv	hourly	FSLR	113665	0664	127284171	1765933300407861677	c167560b540f79238a9b9fedb381bcdf72ce34191e9fc23e2b830a3d251c588a	1744	2023-01-03T14:30:00+0000	2023-12-29T20:00:00+0000
data/prices/hourly/FTNT_hourly_2023.csv	hourly	FTNT	107591	0664	127284150	1765933058077408349	b73ef90071587dc399b9b6065d98b025f9d0676c72d6db57fb3914607b2e86c4	1744	2023-01-03T14:30:00+0000	2023-12-29T20:00:00+0000
data/prices/hourly/GILD_hourly_2023.csv	hourly	GILD	107562	0664	127284125	1765932758631588334	2d5858cf10a60e332e022d3b353326dd4c144c900cea4525ef73617b6006de49	1744	2023-01-03T14:30:00+0000	2023-12-29T20:00:00+0000
data/prices/hourly/GOOGL_hourly_2023.csv	hourly	GOOGL	116612	0664	127284101	1765932470357793390	50968440fe85a798e5e0a9a6a9e9e3eebc4f5324283f7d9793d1dc73e3dde6cc	1744	2023-01-03T14:30:00+0000	2023-12-29T20:00:00+0000
data/prices/hourly/GOOG_hourly_2023.csv	hourly	GOOG	114855	0664	127284102	1765932482091867619	3362695c71b7933dd437f60dbaa583f648830869e0e65de0810e8f7f4eef77b8	1744	2023-01-03T14:30:00+0000	2023-12-29T20:00:00+0000
data/prices/hourly/INTC_hourly_2023.csv	hourly	INTC	109237	0664	127284109	1765932566195396412	894dbf55d03db237d2c98e0ea31cda76ffbd2082ab80ff3aaff57c6089caacb6	1744	2023-01-03T14:30:00+0000	2023-12-29T20:00:00+0000
data/prices/hourly/INTU_hourly_2023.csv	hourly	INTU	113165	0664	127284119	1765932686167142039	c969cc45edd9a02418b55a85d2fce3d500af306b31a50a60bc586eccc2725517	1744	2023-01-03T14:30:00+0000	2023-12-29T20:00:00+0000
data/prices/hourly/JD_hourly_2023.csv	hourly	JD	104785	0664	127284162	1765933184342167240	58b35a7eb94774f0a950ee1998019be71ba646e6a25a97f9c4fef472a7b6e4e9	1744	2023-01-03T14:30:00+0000	2023-12-29T20:00:00+0000
data/prices/hourly/KLAC_hourly_2023.csv	hourly	KLAC	112698	0664	127284141	1765932944253720469	cb2a99f6e63495f3e409d35f8499fe041025fb4860a7bc4e77822d6a1ee65eab	1744	2023-01-03T14:30:00+0000	2023-12-29T20:00:00+0000
data/prices/hourly/LCID_hourly_2023.csv	hourly	LCID	101638	0664	127284169	1765933262144633039	b62d1d5b0c49556b40b76f0f6e4ffa6545289115586b39a03d0efd4d9905acc8	1744	2023-01-03T14:30:00+0000	2023-12-29T20:00:00+0000
data/prices/hourly/LRCX_hourly_2023.csv	hourly	LRCX	107650	0664	127284114	1765932626161770259	5382c45927c5b06f63c63c718d2e0dc0dd96b0d7d4c7825ac46c927e290f1416	1744	2023-01-03T14:30:00+0000	2023-12-29T20:00:00+0000
data/prices/hourly/MA_hourly_2023.csv	hourly	MA	110333	0664	127284123	1765932722224364412	10d0a0d33bc4e258e63e88b4cbe6b50c477159d109d66f9fb1697444bdd73c08	1744	2023-01-03T14:30:00+0000	2023-12-29T20:00:00+0000
data/prices/hourly/MDB_hourly_2023.csv	hourly	MDB	111404	0664	127284155	1765933118065769408	e6d5e19a70c5b444448b9f35843cd4f4ecc19e52fadbc07233e5c4b2fae32ad8	1744	2023-01-03T14:30:00+0000	2023-12-29T20:00:00+0000
data/prices/hourly/MELI_hourly_2023.csv	hourly	MELI	118458	0664	127284160	1765933178135130024	10b7c2bbe95f1c34e5b003f3c5397993b6fa6ea39f31c2ef400e24e20a5d3b88	1744	2023-01-03T14:30:00+0000	2023-12-29T20:00:00+0000
data/prices/hourly/META_hourly_2023.csv	hourly	META	115777	0664	127284105	1765932524125132577	545a5734fcefe7e7c4a777a5b52ecbde7eda125c5158c8d04b03569397e65f33	1744	2023-01-03T14:30:00+0000	2023-12-29T20:00:00+0000
data/prices/hourly/MRNA_hourly_2023.csv	hourly	MRNA	112529	0664	127284126	1765932764127622092	5d3ab7844edb7d424b2aff1ac9fba4824f9a5708d159213b0ad9163dbdd83431	1744	2023-01-03T14:30:00+0000	2023-12-29T20:00:00+0000
data/prices/hourly/MRVL_hourly_2023.csv	hourly	MRVL	108062	0664	127284138	1765932902173465015	0bd37a19286cb351063fa7844094a792eb50f79cb1acb6df0b8571ee544d008b	1744	2023-01-03T14:30:00+0000	2023-12-29T20:00:00+0000
data/prices/hourly/MSFT_hourly_2023.csv	hourly	MSFT	115930	0664	127284100	1765932464261754792	5810d474c80747993f4ca6b720369e90acb1d983ccd048b4af7762773014fdb0	1744	2023-01-03T14:30:00+0000	2023-12-29T20:00:00+0000
data/prices/hourly/MU_hourly_2023.csv	hourly	MU	104935	0664	127284112	1765932590385547515	5a6729579d507dd161bd494a1ef8e7c6fd554f13ac97bc2811ed9d9b30cd2f4a	1744	2023-01-03T14:30:00+0000	2023-12-29T20:00:00+0000
data/prices/hourly/NET_hourly_2023.csv	hourly	NET	105655	0664	127284152	1765933064582447552	3c61b97c52d1047f977ba604460ca32ef22e69b630ffbef87ce1b6a072d394bb	1744	2023-01-03T14:30:00+0000	2023-12-29T20:00:00+0000
data/prices/hourly/NFLX_hourly_2023.csv	hourly	NFLX	109351	0664	127284130	1765932818588955665	77d3dd8065387ba7277dc60b5b5c0c4ffd2402be652fd62eceff8a2b32effc0b	1744	2023-01-03T14:30:00+0000	2023-12-29T20:00:00+0000
data/prices/hourly/NOW_hourly_2023.csv	hourly	NOW	111308	0664	127284117	1765932650374920556	27098b679050ee2b2db25049562f7df0ee7f110d8b66fb237ea8507f7df834db	1744	2023-01-03T14:30:00+0000	2023-12-29T20:00:00+0000
data/prices/hourly/NVDA_hourly_2023.csv	hourly	NVDA	111014	0664	127284104	1765932518622097966	4935cba4fa125df007df5d7bb32b0a5f9e764ba6081f7d9be39d9ea897fceb2f	1744	2023-01-03T14:30:00+0000	2023-12-29T20:00:00+0000
data/prices/hourly/NXPI_hourly_2023.csv	hourly	NXPI	113477	0664	127284140	1765932938608686239	126bcf2bb58b17e608a75f1000937e142b490195f71e8d40afb97bd2caa82e21	1744	2023-01-03T14:30:00+0000	2023-12-29T20:00:00+0000
data/prices/hourly/OKTA_hourly_2023.csv	hourly	OKTA	106986	0664	127284151	1765933060909425420	45d5dba8ee00ff5d59bb44b988b56a2dbd150c4f659b2a139efae3e936befbd6	1744	2023-01-03T14:30:00+0000	2023-12-29T20:00:00+0000
data/prices/hourly/ON_hourly_2023.csv	hourly	ON	104480	0664	127284139	1765932926072610188	1a5591b57a6ae66f3323192b7207ed7d1be3b38a3d1e8e9cd30491a58b9ed31d	1744	2023-01-03T14:30:00+0000	2023-12-29T20:00:00+0000
data/prices/hourly/ORCL_hourly_2023.csv	hourly	ORCL	112170	0664	127284118	1765932662203993838	81d2b4ae3b5e4411677aed2773d6b336da086c531134fffb2ae45f0a20686741	1744	2023-01-03T14:30:00+0000	2023-12-29T20:00:00+0000
data/prices/hourly/PANW_hourly_2023.csv	hourly	PANW	112070	0664	127284120	1765932698620218931	c44ebfdf1449aa53e5672c49bbe63ccd23a84fdde73eebd9a1c5dead2ec104a5	1744	2023-01-03T14:30:00+0000	2023-12-29T20:00:00+0000
data/prices/hourly/PATH_hourly_2023.csv	hourly	PATH	107920	0664	127284157	1765933124357807222	113f34c219efb1d7ace64af782ca946f8e2bc00f1a85ce52f401bdbbb715058e	1744	2023-01-03T14:30:00+0000	2023-12-29T20:00:00+0000
data/prices/hourly/PDD_hourly_2023.csv	hourly	PDD	107795	0664	127284161	1765933180499144199	654c4e1f47168587dea246724786fd3b31d70ccb8361b3a7af75274d5f082860	1744	2023-01-03T14:30:00+0000	2023-12-29T20:00:00+0000
data/prices/hourly/PINS_hourly_2023.csv	hourly	PINS	108243	0664	127284134	1765932866075245370	6838a1fd82c0397d9709e9f14f30255198401a2013769a5acc37ab8f2bf0e1b3	1744	2023-01-03T14:30:00+0000	2023-12-29T20:00:00+0000
data/prices/hourly/PLTR_hourly_2023.csv	hourly	PLTR	110704	0664	127284156	1765933120949786741	8fff7b9aafc87b6b748dbeb6e180119f661dc2b012b934f5fdad3245206d5e59	1744	2023-01-03T14:30:00+0000	2023-12-29T20:00:00+0000
data/prices/hourly/PLUG_hourly_2023.csv	hourly	PLUG	108424	0664	127284172	1765933304349885219	2277906dd7735c1f1858c98447c7dc944a120a9afbb1cb1dd4e1beecaabe5f9a	1744	2023-01-03T14:30:00+0000	2023-12-29T20:00:00+0000
data/prices/hourly/PYPL_hourly_2023.csv	hourly	PYPL	108613	0664	127284121	1765932704110252797	680623c90ad7f643ae37ceba25cc7fd1586b2b416143001b2f8fc39dda686fea	1744	2023-01-03T14:30:00+0000	2023-12-29T20:00:00+0000
data/prices/hourly/QCOM_hourly_2023.csv	hourly	QCOM	114634	0664	127284111	1765932584262509307	c8ce30e359f7c84a86f0b0e1570d3632ea38585bb7398f89f31d6472e5d72e09	1744	2023-01-03T14:30:00+0000	2023-12-29T20:00:00+0000
data/prices/hourly/QQQ_hourly_2023.csv	hourly	QQQ	114499	0664	127284128	1765932782198732938	ef3f9f9d7a8f34f4e242ce4bdaaa7cfbe12d379a201b555b8ca9e9dbc678b29e	1744	2023-01-03T14:30:00+0000	2023-12-29T20:00:00+0000
data/prices/hourly/RBLX_hourly_2023.csv	hourly	RBLX	108160	0664	127284166	1765933240645504448	d969f3857b2448d816d0385d8897233cd1970b5bea3878487ab59b2f1016066d	1744	2023-01-03T14:30:00+0000	2023-12-29T20:00:00+0000
data/prices/hourly/REGN_hourly_2023.csv	hourly	REGN	112376	0664	127284127	1765932770379660462	92812f6e1637f7f5954d32a77ff5221e6e76cf0bb57b6cf60a502a37faf08a4f	1744	2023-01-03T14:30:00+0000	2023-12-29T20:00:00+0000
data/prices/hourly/RIVN_hourly_2023.csv	hourly	RIVN	109289	0664	127284168	1765933250382562700	69d5e9876fc363d1fcb6715ecad77630f6771d02eb9e589244d767096cba702c	1744	2023-01-03T14:30:00+0000	2023-12-29T20:00:00+0000
data/prices/hourly/SMCI_hourly_2023.csv	hourly	SMCI	107275	0664	127284147	1765933004359084226	7ebff5a2c50bed8dddc12464ac1c3003b966914d1cd3d3d5736984fad479766d	1744	2023-01-03T14:30:00+0000	2023-12-29T20:00:00+0000
data/prices/hourly/SNAP_hourly_2023.csv	hourly	SNAP	106528	0664	127284133	1765932842074099067	88e2fe57d9b0f222ea2e17ab8b60f85663b42831b1e23f8130127faa6439b64b	1744	2023-01-03T14:30:00+0000	2023-12-29T20:00:00+0000
data/prices/hourly/SNOW_hourly_2023.csv	hourly	SNOW	114298	0664	127284154	1765933082321554391	6c0ce8e6c3570da3156a78f87a21fd9f029e41eede991bae830c0458f9e87a61	1744	2023-01-03T14:30:00+0000	2023-12-29T20:00:00+0000
data/prices/hourly/SPOT_hourly_2023.csv	hourly	SPOT	112970	0664	127284135	1765932878623321754	4638ac0b95a99bd42679982028dcb5a4bd88f05b1d27c99fd5ad31ef0cfd5e4b	1744	2023-01-03T14:30:00+0000	2023-12-29T20:00:00+0000
data/prices/hourly/SPY_hourly_2023.csv	hourly	SPY	114852	0664	127284129	1765932806212879990	d71db238f6782b7917895cda64d445ee6d2af58b7dd6a9afab2ff811a4bea32d	1744	2023-01-03T14:30:00+0000	2023-12-29T20:00:00+0000
data/prices/hourly/TMUS_hourly_2023.csv	hourly	TMUS	114413	0664	127284173	1765933310400921352	c4f9a4d21be832e828a22758333fc47ffc8efedb63e4264ecdfbae9a544b54e6	1744	2023-01-03T14:30:00+0000	2023-12-29T20:00:00+0000
data/prices/hourly/TSLA_hourly_2023.csv	hourly	TSLA	117464	0664	127284107	1765932530344171663	b1a70e049105b51c1ad36005868fc7b49525253917253acabd3edfc26f73230c	1744	2023-01-03T14:30:00+0000	2023-12-29T20:00:00+0000
data/prices/hourly/TSM_hourly_2023.csv	hourly	TSM	107662	0664	127284145	1765932998635049637	b88001659cfaec7a3c4f04ffc1db2f2a45fa374daa2e960f5286ed16ededbfd9	1744	2023-01-03T14:30:00+0000	2023-12-29T20:00:00+0000
data/prices/hourly/TTWO_hourly_2023.csv	hourly	TTWO	113285	0664	127284165	1765933238085489127	002a4a804fb3877e128e902db09e81fa7b99c7d3e533fdf24d61d802122d4086	1744	2023-01-03T14:30:00+0000	2023-12-29T20:00:00+0000
data/prices/hourly/TWLO_hourly_2023.csv	hourly	TWLO	107344	0664	127284158	1765933130552844443	b0d5be00d622a970c51db009238eb704ca2365292b6aad4868fd13c4b22399ae	1744	2023-01-03T14:30:00+0000	2023-12-29T20:00:00+0000
data/prices/hourly/TXN_hourly_2023.csv	hourly	TXN	112669	0664	127284143	1765932962203829233	27e74bc5d1ddb756ea1ec0f1e2dff649190ea6ba1b7413fc14cf2475398180f1	1744	2023-01-03T14:30:00+0000	2023-12-29T20:00:00+0000
data/prices/hourly/UBER_hourly_2023.csv	hourly	UBER	108993	0664	127284131	1765932824147989632	70f7f8b98ae097aeee89c079dbdcf7d6c4aaba24fd183a2a679ced8caf1d11c5	1744	2023-01-03T14:30:00+0000	2023-12-29T20:00:00+0000
data/prices/hourly/V_hourly_2023.csv	hourly	V	109157	0664	127284122	1765932710472292014	25b1ba002b7601d8d5af391b952efd40524be8e31d6a81aee954ac7333ee5568	1744	2023-01-03T14:30:00+0000	2023-12-29T20:00:00+0000
data/prices/hourly/ZM_hourly_2023.csv	hourly	ZM	103854	0664	127284136	1765932884118355184	143723461e3a601bb71e03af42a049b6ffb25404c8d0d6de707ae2d1db2246f6	1744	2023-01-03T14:30:00+0000	2023-12-29T20:00:00+0000
data/prices/hourly/ZS_hourly_2023.csv	hourly	ZS	110019	0664	127284149	1765933022369192989	927d754ab04f9c070a61aafddaf1f555cdf04118fd0286b575e6265b33f068cf	1744	2023-01-03T14:30:00+0000	2023-12-29T20:00:00+0000
